sim_type,pulse_shape,bin_width_ms,peak_amplitude,position,angle,trigger,sim_det,base_det,analysis_det,num_analysis_det,background_level,total_sim,successful_runs,failed_runs,median_mvt_ms,mvt_err_lower,mvt_err_upper,all_median_mvt_ms,all_mvt_err_lower,all_mvt_err_upper,mean_src_counts,mean_bkgd_counts,mean_src_counts_total,mean_src_counts_template,mean_src_counts_feature,mean_bkgd_counts_feature_local,mean_back_avg_cps,MVT_snr,MVT_snr_position,S_flu,S_flu_total,S_flu_template,S_flu_feature_avg,S_flu_feature_local,S16,S32,S64,S128,S16_total,S32_total,S64_total,S128_total,S16_template,S32_template,S64_template,S128_template,S16_feature,S32_feature,S64_feature,S128_feature,sigma,center_time,width,peak_time_ratio,start_time,rise_time,decay_time
function,gaussian,0.0001,0.2,0,0,99999999,['nx'],['nx'],['nx'],1,1,300,0,300,-100.0,0.0,0.0,2.354,1.2981,1.8376,0.15,0.05,-999,-999,-999,-999,1220.0,-999.0,-999,0.17,-999,-999,-999,-999,0.0,0.0,0.0,0.0,-999,-999,-999,-999,-999,-999,-999,-999,-999,-999,-999,-999,0.1,-999,-999,-999,-999,-999,-999
function,gaussian,0.0001,20.0,0,0,99999999,['nx'],['nx'],['nx'],1,1,300,68,232,0.292,0.0883,0.099,1.023,0.73,1.975,7.34,0.03,-999,-999,-999,-999,885.29,9.42,-999,inf,-999,-999,-999,-999,0.0,0.0,0.0,0.0,-999,-999,-999,-999,-999,-999,-999,-999,-999,-999,-999,-999,0.1,-999,-999,-999,-999,-999,-999
function,gaussian,0.0001,2.0,0,0,99999999,['nx'],['nx'],['nx'],1,1,300,0,300,-100.0,0.0,0.0,2.611,1.6186,2.5118,1.0,0.05,-999,-999,-999,-999,1133.33,-999.0,-999,1.45,-999,-999,-999,-999,0.0,0.0,0.0,0.0,-999,-999,-999,-999,-999,-999,-999,-999,-999,-999,-999,-999,0.1,-999,-999,-999,-999,-999,-999
function,gaussian,0.0001,0.1,0,0,99999999,['nx'],['nx'],['nx'],1,1,300,0,300,-100.0,0.0,0.0,2.302,1.4806,1.6898,0.0,0.05,-999,-999,-999,-999,1231.58,-999.0,-999,0.0,-999,-999,-999,-999,0.0,0.0,0.0,0.0,-999,-999,-999,-999,-999,-999,-999,-999,-999,-999,-999,-999,0.1,-999,-999,-999,-999,-999,-999
function,gaussian,0.0001,0.5,0,0,99999999,['nx'],['nx'],['nx'],1,1,300,0,300,-100.0,0.0,0.0,2.455,1.5923,2.1081,0.28,0.06,-999,-999,-999,-999,1211.11,-999.0,-999,0.32,-999,-999,-999,-999,0.0,0.0,0.0,0.0,-999,-999,-999,-999,-999,-999,-999,-999,-999,-999,-999,-999,0.1,-999,-999,-999,-999,-999,-999
function,gaussian,0.0001,5.0,0,0,99999999,['nx'],['nx'],['nx'],1,1,300,0,300,-100.0,0.0,0.0,2.248,1.2102,1.9744,2.66,0.07,-999,-999,-999,-999,1000.0,-999.0,-999,3.69,-999,-999,-999,-999,0.0,0.0,0.0,0.0,-999,-999,-999,-999,-999,-999,-999,-999,-999,-999,-999,-999,0.1,-999,-999,-999,-999,-999,-999
function,gaussian,0.0001,0.3,0,0,99999999,['nx'],['nx'],['nx'],1,1,300,0,300,-100.0,0.0,0.0,2.479,1.4479,1.9362,0.16,0.05,-999,-999,-999,-999,1242.11,-999.0,-999,0.18,-999,-999,-999,-999,0.0,0.0,0.0,0.0,-999,-999,-999,-999,-999,-999,-999,-999,-999,-999,-999,-999,0.1,-999,-999,-999,-999,-999,-999
function,gaussian,0.0001,3.0,0,0,99999999,['nx'],['nx'],['nx'],1,1,300,0,300,-100.0,0.0,0.0,2.484,1.0107,1.9649,1.56,0.0,-999,-999,-999,-999,960.0,-999.0,-999,2.3,-999,-999,-999,-999,0.0,0.0,0.0,0.0,-999,-999,-999,-999,-999,-999,-999,-999,-999,-999,-999,-999,0.1,-999,-999,-999,-999,-999,-999
function,gaussian,0.0001,1.0,0,0,99999999,['nx'],['nx'],['nx'],1,1,300,0,300,-100.0,0.0,0.0,1.8685,0.8431,2.8907,0.6,0.0,-999,-999,-999,-999,1130.0,-999.0,-999,0.76,-999,-999,-999,-999,0.0,0.0,0.0,0.0,-999,-999,-999,-999,-999,-999,-999,-999,-999,-999,-999,-999,0.1,-999,-999,-999,-999,-999,-999
function,gaussian,0.0001,10.0,0,0,99999999,['nx'],['nx'],['nx'],1,1,300,9,291,0.329,0.0544,0.1809,1.9095,1.1712,2.2536,5.89,0.0,-999,-999,-999,-999,800.0,5.3,-999,9.33,-999,-999,-999,-999,0.0,0.0,0.0,0.0,-999,-999,-999,-999,-999,-999,-999,-999,-999,-999,-999,-999,0.1,-999,-999,-999,-999,-999,-999
function,gaussian,0.0001,50.0,0,0,99999999,['nx'],['nx'],['nx'],1,1,300,246,54,0.2285,0.0643,0.0515,0.2375,0.0685,0.1551,13.21,0.09,-999,-999,-999,-999,974.8,18.19,-999,inf,-999,-999,-999,-999,0.0,0.0,0.0,0.0,-999,-999,-999,-999,-999,-999,-999,-999,-999,-999,-999,-999,0.1,-999,-999,-999,-999,-999,-999
function,gaussian,0.0001,100.0,0,0,99999999,['nx'],['nx'],['nx'],1,1,300,267,33,0.173,0.0334,0.0409,0.179,0.039,0.0622,24.98,0.09,-999,-999,-999,-999,1008.99,39.72,-999,inf,-999,-999,-999,-999,0.0,0.0,0.0,0.0,-999,-999,-999,-999,-999,-999,-999,-999,-999,-999,-999,-999,0.1,-999,-999,-999,-999,-999,-999
function,gaussian,0.0001,200.0,0,0,99999999,['nx'],['nx'],['nx'],1,1,300,277,23,0.146,0.0268,0.0469,0.1505,0.0305,0.0495,50.01,0.09,-999,-999,-999,-999,1015.16,69.18,-999,inf,-999,-999,-999,-999,0.0,0.0,0.0,0.0,-999,-999,-999,-999,-999,-999,-999,-999,-999,-999,-999,-999,0.1,-999,-999,-999,-999,-999,-999
function,gaussian,0.0001,300.0,0,0,99999999,['nx'],['nx'],['nx'],1,1,300,280,20,0.142,0.0254,0.027,0.143,0.026,0.029,75.25,0.08,-999,-999,-999,-999,1026.43,111.23,-999,inf,-999,-999,-999,-999,0.0,0.0,0.0,0.0,-999,-999,-999,-999,-999,-999,-999,-999,-999,-999,-999,-999,0.1,-999,-999,-999,-999,-999,-999
function,gaussian,0.0001,0.2,0,0,99999999,['nx'],['nx'],['nx'],1,1,300,1,299,-100.0,0.0,0.0,5.4415,3.3687,16.7703,0.11,1.36,-999,-999,-999,-999,1051.85,-999.0,-999,0.08,-999,-999,-999,-999,0.0,0.0,0.0,0.0,-999,-999,-999,-999,-999,-999,-999,-999,-999,-999,-999,-999,0.3,-999,-999,-999,-999,-999,-999
function,gaussian,0.0001,0.3,0,0,99999999,['nx'],['nx'],['nx'],1,1,300,1,299,-100.0,0.0,0.0,5.41,3.1916,20.3679,0.24,1.32,-999,-999,-999,-999,1026.32,-999.0,-999,0.18,-999,-999,-999,-999,0.0,0.0,0.0,0.0,-999,-999,-999,-999,-999,-999,-999,-999,-999,-999,-999,-999,0.3,-999,-999,-999,-999,-999,-999
function,gaussian,0.0001,2.0,0,0,99999999,['nx'],['nx'],['nx'],1,1,300,2,298,2.458,0.085,0.085,7.081,4.4974,12.713,4.0,1.0,-999,-999,-999,-999,833.33,3.18,-999,3.44,-999,-999,-999,-999,0.0,0.0,0.0,0.0,-999,-999,-999,-999,-999,-999,-999,-999,-999,-999,-999,-999,0.3,-999,-999,-999,-999,-999,-999
function,gaussian,0.0001,10.0,0,0,99999999,['nx'],['nx'],['nx'],1,1,300,106,194,0.788,0.227,0.5648,1.9185,1.2305,6.0523,9.25,1.28,-999,-999,-999,-999,986.16,8.0,-999,7.23,-999,-999,-999,-999,0.0,0.0,0.0,0.0,-999,-999,-999,-999,-999,-999,-999,-999,-999,-999,-999,-999,0.3,-999,-999,-999,-999,-999,-999
function,gaussian,0.0001,0.5,0,0,99999999,['nx'],['nx'],['nx'],1,1,300,1,299,-100.0,0.0,0.0,13.047,10.666,22.4803,0.48,1.27,-999,-999,-999,-999,1001.67,-999.0,-999,0.36,-999,-999,-999,-999,0.0,0.0,0.0,0.0,-999,-999,-999,-999,-999,-999,-999,-999,-999,-999,-999,-999,0.3,-999,-999,-999,-999,-999,-999
function,gaussian,0.0001,5.0,0,0,99999999,['nx'],['nx'],['nx'],1,1,300,19,281,1.176,0.4305,1.3232,5.2795,3.6504,8.0724,5.84,1.21,-999,-999,-999,-999,1010.53,4.6,-999,4.49,-999,-999,-999,-999,0.0,0.0,0.0,0.0,-999,-999,-999,-999,-999,-999,-999,-999,-999,-999,-999,-999,0.3,-999,-999,-999,-999,-999,-999
function,gaussian,0.0001,3.0,0,0,99999999,['nx'],['nx'],['nx'],1,1,300,4,296,1.705,0.8004,1.2845,7.331,4.3739,11.2722,3.0,1.25,-999,-999,-999,-999,900.0,3.62,-999,2.36,-999,-999,-999,-999,0.0,0.0,0.0,0.0,-999,-999,-999,-999,-999,-999,-999,-999,-999,-999,-999,-999,0.3,-999,-999,-999,-999,-999,-999
function,gaussian,0.0001,1.0,0,0,99999999,['nx'],['nx'],['nx'],1,1,300,0,300,-100.0,0.0,0.0,10.2335,8.37,17.7837,0.9,1.26,-999,-999,-999,-999,1034.92,-999.0,-999,0.7,-999,-999,-999,-999,0.0,0.0,0.0,0.0,-999,-999,-999,-999,-999,-999,-999,-999,-999,-999,-999,-999,0.3,-999,-999,-999,-999,-999,-999
function,gaussian,0.0001,0.1,0,0,99999999,['nx'],['nx'],['nx'],1,1,300,1,299,-100.0,0.0,0.0,6.386,4.2589,17.1939,0.03,1.34,-999,-999,-999,-999,1066.67,-999.0,-999,0.02,-999,-999,-999,-999,0.0,0.0,0.0,0.0,-999,-999,-999,-999,-999,-999,-999,-999,-999,-999,-999,-999,0.3,-999,-999,-999,-999,-999,-999
function,gaussian,0.0001,20.0,0,0,99999999,['nx'],['nx'],['nx'],1,1,300,225,75,0.606,0.1342,0.1932,0.696,0.2106,0.6392,15.57,1.28,-999,-999,-999,-999,971.26,14.04,-999,12.14,-999,-999,-999,-999,0.0,0.0,0.0,0.0,-999,-999,-999,-999,-999,-999,-999,-999,-999,-999,-999,-999,0.3,-999,-999,-999,-999,-999,-999
function,gaussian,0.0001,500.0,0,0,99999999,['nx'],['nx'],['nx'],1,1,300,289,11,0.123,0.0209,0.0229,0.124,0.021,0.022,125.13,0.06,-999,-999,-999,-999,1046.37,168.43,-999,inf,-999,-999,-999,-999,0.0,0.0,0.0,0.0,-999,-999,-999,-999,-999,-999,-999,-999,-999,-999,-999,-999,0.1,-999,-999,-999,-999,-999,-999
function,gaussian,0.0001,1000.0,0,0,99999999,['nx'],['nx'],['nx'],1,1,300,300,0,0.122,0.019,0.003,0.122,0.019,0.003,250.37,0.06,-999,-999,-999,-999,1031.33,347.95,-999,inf,-999,-999,-999,-999,0.0,0.0,0.0,0.0,-999,-999,-999,-999,-999,-999,-999,-999,-999,-999,-999,-999,0.1,-999,-999,-999,-999,-999,-999
function,gaussian,0.0001,100.0,0,0,99999999,['nx'],['nx'],['nx'],1,1,300,259,41,0.406,0.1064,0.079,0.409,0.0782,0.0852,75.15,1.32,-999,-999,-999,-999,1011.07,60.28,-999,57.06,-999,-999,-999,-999,0.0,0.0,0.0,0.0,-999,-999,-999,-999,-999,-999,-999,-999,-999,-999,-999,-999,0.3,-999,-999,-999,-999,-999,-999
function,gaussian,0.0001,50.0,0,0,99999999,['nx'],['nx'],['nx'],1,1,300,264,36,0.478,0.0829,0.097,0.4875,0.0895,0.1505,37.11,1.3,-999,-999,-999,-999,994.95,31.8,-999,28.5,-999,-999,-999,-999,0.0,0.0,0.0,0.0,-999,-999,-999,-999,-999,-999,-999,-999,-999,-999,-999,-999,0.3,-999,-999,-999,-999,-999,-999
function,gaussian,0.0001,200.0,0,0,99999999,['nx'],['nx'],['nx'],1,1,300,274,26,0.351,0.067,0.063,0.352,0.067,0.065,149.86,1.32,-999,-999,-999,-999,1011.68,111.48,-999,113.96,-999,-999,-999,-999,0.0,0.0,0.0,0.0,-999,-999,-999,-999,-999,-999,-999,-999,-999,-999,-999,-999,0.3,-999,-999,-999,-999,-999,-999
function,gaussian,0.0001,300.0,0,0,99999999,['nx'],['nx'],['nx'],1,1,300,274,26,0.342,0.06,0.014,0.345,0.0602,0.039,224.79,1.35,-999,-999,-999,-999,1031.39,155.32,-999,168.61,-999,-999,-999,-999,0.0,0.0,0.0,0.0,-999,-999,-999,-999,-999,-999,-999,-999,-999,-999,-999,-999,0.3,-999,-999,-999,-999,-999,-999
function,gaussian,0.0001,0.2,0,0,99999999,['nx'],['nx'],['nx'],1,1,300,2,298,6.891,0.4236,0.4236,15.901,11.5972,24.0498,0.0,2.0,-999,-999,-999,-999,840.0,3.52,-999,0.0,-999,-999,-999,-999,-1.18,0.0,0.0,0.0,-999,-999,-999,-999,-999,-999,-999,-999,-999,-999,-999,-999,0.5,-999,-999,-999,-999,-999,-999
function,gaussian,0.0001,500.0,0,0,99999999,['nx'],['nx'],['nx'],1,1,300,291,9,0.294,0.05,0.053,0.294,0.05,0.054,375.37,1.36,-999,-999,-999,-999,1027.03,260.96,-999,282.12,-999,-999,-999,-999,0.0,0.0,0.0,0.0,-999,-999,-999,-999,-999,-999,-999,-999,-999,-999,-999,-999,0.3,-999,-999,-999,-999,-999,-999
function,gaussian,0.0001,20.0,0,0,99999999,['nx'],['nx'],['nx'],1,1,300,244,56,0.926,0.2374,0.2052,0.949,0.245,0.3872,24.95,2.52,-999,-999,-999,-999,999.18,17.66,-999,14.66,-999,-999,-999,-999,3.84,0.0,0.0,0.0,-999,-999,-999,-999,-999,-999,-999,-999,-999,-999,-999,-999,0.5,-999,-999,-999,-999,-999,-999
function,gaussian,0.0001,0.1,0,0,99999999,['nx'],['nx'],['nx'],1,1,300,2,298,6.849,0.3985,0.3985,15.785,11.2405,26.9416,0.0,2.0,-999,-999,-999,-999,820.0,3.51,-999,0.0,-999,-999,-999,-999,-1.53,0.0,0.0,0.0,-999,-999,-999,-999,-999,-999,-999,-999,-999,-999,-999,-999,0.5,-999,-999,-999,-999,-999,-999
function,gaussian,0.0001,0.5,0,0,99999999,['nx'],['nx'],['nx'],1,1,300,3,297,6.294,1.1172,0.8541,11.4115,7.9569,20.3699,0.67,2.0,-999,-999,-999,-999,800.0,3.62,-999,0.45,-999,-999,-999,-999,-0.49,0.0,0.0,0.0,-999,-999,-999,-999,-999,-999,-999,-999,-999,-999,-999,-999,0.5,-999,-999,-999,-999,-999,-999
function,gaussian,0.0001,10.0,0,0,99999999,['nx'],['nx'],['nx'],1,1,300,180,120,1.1105,0.3197,0.2985,1.3575,0.5295,3.2127,13.36,2.54,-999,-999,-999,-999,999.33,8.99,-999,7.85,-999,-999,-999,-999,2.48,0.0,0.0,0.0,-999,-999,-999,-999,-999,-999,-999,-999,-999,-999,-999,-999,0.5,-999,-999,-999,-999,-999,-999
function,gaussian,0.0001,2.0,0,0,99999999,['nx'],['nx'],['nx'],1,1,300,6,294,5.655,3.6978,2.2924,16.2975,10.4409,16.1849,3.0,2.33,-999,-999,-999,-999,906.67,3.99,-999,1.85,-999,-999,-999,-999,0.5,0.0,0.0,0.0,-999,-999,-999,-999,-999,-999,-999,-999,-999,-999,-999,-999,0.5,-999,-999,-999,-999,-999,-999
function,gaussian,0.0001,1.0,0,0,99999999,['nx'],['nx'],['nx'],1,1,300,3,297,6.569,1.7938,0.7079,11.9585,8.6397,30.5209,1.0,2.0,-999,-999,-999,-999,880.0,3.68,-999,0.6,-999,-999,-999,-999,-0.44,0.0,0.0,0.0,-999,-999,-999,-999,-999,-999,-999,-999,-999,-999,-999,-999,0.5,-999,-999,-999,-999,-999,-999
function,gaussian,0.0001,3.0,0,0,99999999,['nx'],['nx'],['nx'],1,1,300,14,286,3.159,1.3233,4.4337,9.944,6.3307,18.8229,5.0,2.43,-999,-999,-999,-999,945.71,3.86,-999,3.12,-999,-999,-999,-999,0.99,0.0,0.0,0.0,-999,-999,-999,-999,-999,-999,-999,-999,-999,-999,-999,-999,0.5,-999,-999,-999,-999,-999,-999
function,gaussian,0.0001,5.0,0,0,99999999,['nx'],['nx'],['nx'],1,1,300,56,244,1.7035,0.7271,2.4153,6.285,4.419,12.1815,8.07,2.41,-999,-999,-999,-999,951.43,5.66,-999,4.91,-999,-999,-999,-999,1.62,0.0,0.0,0.0,-999,-999,-999,-999,-999,-999,-999,-999,-999,-999,-999,-999,0.5,-999,-999,-999,-999,-999,-999
function,gaussian,0.0001,0.3,0,0,99999999,['nx'],['nx'],['nx'],1,1,300,3,297,7.525,0.8493,1.1172,10.3995,7.0213,23.4568,0.0,2.67,-999,-999,-999,-999,1013.33,3.64,-999,0.0,-999,-999,-999,-999,-1.0,0.0,0.0,0.0,-999,-999,-999,-999,-999,-999,-999,-999,-999,-999,-999,-999,0.5,-999,-999,-999,-999,-999,-999
function,gaussian,0.0001,1000.0,0,0,99999999,['nx'],['nx'],['nx'],1,1,300,296,4,0.291,0.047,0.007,0.291,0.047,0.0113,751.52,1.3,-999,-999,-999,-999,1007.43,517.8,-999,572.63,-999,-999,-999,-999,0.0,0.0,0.0,0.0,-999,-999,-999,-999,-999,-999,-999,-999,-999,-999,-999,-999,0.3,-999,-999,-999,-999,-999,-999
function,gaussian,0.0001,100.0,0,0,99999999,['nx'],['nx'],['nx'],1,1,300,261,39,0.585,0.1612,0.1104,0.5915,0.1198,0.1118,125.03,2.56,-999,-999,-999,-999,1003.37,72.13,-999,73.14,-999,-999,-999,-999,10.48,0.0,0.0,0.0,-999,-999,-999,-999,-999,-999,-999,-999,-999,-999,-999,-999,0.5,-999,-999,-999,-999,-999,-999
function,gaussian,0.0001,50.0,0,0,99999999,['nx'],['nx'],['nx'],1,1,300,255,45,0.69,0.122,0.127,0.701,0.132,0.2209,62.2,2.58,-999,-999,-999,-999,1019.45,36.19,-999,36.03,-999,-999,-999,-999,6.98,0.0,0.0,0.0,-999,-999,-999,-999,-999,-999,-999,-999,-999,-999,-999,-999,0.5,-999,-999,-999,-999,-999,-999
function,gaussian,0.0001,200.0,0,0,99999999,['nx'],['nx'],['nx'],1,1,300,271,29,0.496,0.0918,0.091,0.497,0.0903,0.0942,249.84,2.6,-999,-999,-999,-999,1019.34,130.37,-999,144.87,-999,-999,-999,-999,15.28,0.0,0.0,0.0,-999,-999,-999,-999,-999,-999,-999,-999,-999,-999,-999,-999,0.5,-999,-999,-999,-999,-999,-999
function,gaussian,0.0001,300.0,0,0,99999999,['nx'],['nx'],['nx'],1,1,300,258,42,0.491,0.084,0.058,0.492,0.085,0.0922,375.55,2.58,-999,-999,-999,-999,1017.21,201.43,-999,218.14,-999,-999,-999,-999,18.95,0.0,0.0,0.0,-999,-999,-999,-999,-999,-999,-999,-999,-999,-999,-999,-999,0.5,-999,-999,-999,-999,-999,-999
function,gaussian,0.0001,500.0,0,0,99999999,['nx'],['nx'],['nx'],1,1,300,267,33,0.461,0.113,0.037,0.462,0.114,0.0842,626.4,2.57,-999,-999,-999,-999,1013.33,312.46,-999,364.3,-999,-999,-999,-999,24.6,0.0,0.0,0.0,-999,-999,-999,-999,-999,-999,-999,-999,-999,-999,-999,-999,0.5,-999,-999,-999,-999,-999,-999
function,gaussian,0.0001,1000.0,0,0,99999999,['nx'],['nx'],['nx'],1,1,300,277,23,0.413,0.0737,0.049,0.414,0.073,0.075,1251.84,2.57,-999,-999,-999,-999,1017.62,610.72,-999,727.46,-999,-999,-999,-999,35.12,0.0,0.0,0.0,-999,-999,-999,-999,-999,-999,-999,-999,-999,-999,-999,-999,0.5,-999,-999,-999,-999,-999,-999
function,gaussian,0.0001,2000.0,0,0,99999999,['nx'],['nx'],['nx'],1,1,300,300,0,0.107,0.003,0.017,0.107,0.003,0.017,500.85,0.08,-999,-999,-999,-999,1019.33,658.63,-999,inf,-999,-999,-999,-999,0.0,0.0,0.0,0.0,-999,-999,-999,-999,-999,-999,-999,-999,-999,-999,-999,-999,0.1,-999,-999,-999,-999,-999,-999
function,gaussian,0.0001,5000.0,0,0,99999999,['nx'],['nx'],['nx'],1,1,300,300,0,0.107,0.002,0.001,0.107,0.002,0.001,1252.25,0.08,-999,-999,-999,-999,1042.0,1628.67,-999,1724.08,-999,-999,-999,-999,0.0,0.0,0.0,0.0,-999,-999,-999,-999,-999,-999,-999,-999,-999,-999,-999,-999,0.1,-999,-999,-999,-999,-999,-999
function,gaussian,0.0001,7000.0,0,0,99999999,['nx'],['nx'],['nx'],1,1,300,300,0,0.107,0.001,0.001,0.107,0.001,0.001,1753.4,0.07,-999,-999,-999,-999,1045.33,2297.26,-999,2426.67,-999,-999,-999,-999,0.0,0.0,0.0,0.0,-999,-999,-999,-999,-999,-999,-999,-999,-999,-999,-999,-999,0.1,-999,-999,-999,-999,-999,-999
function,gaussian,0.0001,3000.0,0,0,99999999,['nx'],['nx'],['nx'],1,1,300,300,0,0.107,0.002,0.016,0.107,0.002,0.016,750.99,0.08,-999,-999,-999,-999,1017.33,986.17,-999,inf,-999,-999,-999,-999,0.0,0.0,0.0,0.0,-999,-999,-999,-999,-999,-999,-999,-999,-999,-999,-999,-999,0.1,-999,-999,-999,-999,-999,-999
function,gaussian,0.0001,3000.0,0,0,99999999,['nx'],['nx'],['nx'],1,1,300,300,0,0.275,0.027,0.018,0.275,0.027,0.018,2253.93,1.32,-999,-999,-999,-999,1009.78,1504.55,-999,1722.05,-999,-999,-999,-999,0.0,0.0,0.0,0.0,-999,-999,-999,-999,-999,-999,-999,-999,-999,-999,-999,-999,0.3,-999,-999,-999,-999,-999,-999
function,gaussian,0.0001,5000.0,0,0,99999999,['nx'],['nx'],['nx'],1,1,300,300,0,0.275,0.026,0.018,0.275,0.026,0.018,3757.2,1.35,-999,-999,-999,-999,1020.22,2491.57,-999,2847.47,-999,-999,-999,-999,0.0,0.0,0.0,0.0,-999,-999,-999,-999,-999,-999,-999,-999,-999,-999,-999,-999,0.3,-999,-999,-999,-999,-999,-999
function,gaussian,0.0001,7000.0,0,0,99999999,['nx'],['nx'],['nx'],1,1,300,300,0,0.2825,0.0095,0.0105,0.2825,0.0095,0.0105,5260.26,1.33,-999,-999,-999,-999,1020.67,3638.38,-999,3979.57,-999,-999,-999,-999,0.0,0.0,0.0,0.0,-999,-999,-999,-999,-999,-999,-999,-999,-999,-999,-999,-999,0.3,-999,-999,-999,-999,-999,-999
function,gaussian,0.0001,2000.0,0,0,99999999,['nx'],['nx'],['nx'],1,1,300,300,0,0.29,0.043,0.004,0.29,0.043,0.004,1502.15,1.34,-999,-999,-999,-999,1011.11,1012.2,-999,1143.79,-999,-999,-999,-999,0.0,0.0,0.0,0.0,-999,-999,-999,-999,-999,-999,-999,-999,-999,-999,-999,-999,0.3,-999,-999,-999,-999,-999,-999
function,gaussian,0.0001,3000.0,0,0,99999999,['nx'],['nx'],['nx'],1,1,300,298,2,0.411,0.066,0.0045,0.411,0.066,0.005,3757.05,2.59,-999,-999,-999,-999,1015.03,1872.31,-999,2189.81,-999,-999,-999,-999,60.94,0.0,0.0,0.0,-999,-999,-999,-999,-999,-999,-999,-999,-999,-999,-999,-999,0.5,-999,-999,-999,-999,-999,-999
function,gaussian,0.0001,5000.0,0,0,99999999,['nx'],['nx'],['nx'],1,1,300,300,0,0.411,0.0632,0.003,0.411,0.0632,0.003,6263.16,2.57,-999,-999,-999,-999,1012.0,3128.83,-999,3653.83,-999,-999,-999,-999,78.94,0.0,0.0,0.0,-999,-999,-999,-999,-999,-999,-999,-999,-999,-999,-999,-999,0.5,-999,-999,-999,-999,-999,-999
function,gaussian,0.0001,7000.0,0,0,99999999,['nx'],['nx'],['nx'],1,1,300,300,0,0.411,0.003,0.003,0.411,0.003,0.003,8769.18,2.59,-999,-999,-999,-999,1014.8,4368.48,-999,5100.01,-999,-999,-999,-999,93.23,0.0,0.0,0.0,-999,-999,-999,-999,-999,-999,-999,-999,-999,-999,-999,-999,0.5,-999,-999,-999,-999,-999,-999
function,gaussian,0.0001,2000.0,0,0,99999999,['nx'],['nx'],['nx'],1,1,300,293,7,0.412,0.069,0.006,0.412,0.069,0.0452,2504.1,2.57,-999,-999,-999,-999,1006.14,1241.92,-999,1467.07,-999,-999,-999,-999,49.65,0.0,0.0,0.0,-999,-999,-999,-999,-999,-999,-999,-999,-999,-999,-999,-999,0.5,-999,-999,-999,-999,-999,-999
function,gaussian,0.001,100.0,0,0,99999999,['nx'],['nx'],['nx'],1,1,300,274,26,1.044,0.1843,0.1843,1.0465,0.1805,0.1947,249.64,5.61,-999,-999,-999,-999,1015.47,92.71,-999,101.79,-999,-999,-999,-999,15.28,14.85,0.0,0.0,-999,-999,-999,-999,-999,-999,-999,-999,-999,-999,-999,-999,1.0,-999,-999,-999,-999,-999,-999
function,gaussian,0.001,20.0,0,0,99999999,['nx'],['nx'],['nx'],1,1,300,272,28,1.5205,0.3397,0.2664,1.6245,0.4277,0.3695,49.79,5.59,-999,-999,-999,-999,1010.44,23.22,-999,20.39,-999,-999,-999,-999,6.07,5.48,0.0,0.0,-999,-999,-999,-999,-999,-999,-999,-999,-999,-999,-999,-999,1.0,-999,-999,-999,-999,-999,-999
function,gaussian,0.001,2.0,0,0,99999999,['nx'],['nx'],['nx'],1,1,300,12,288,4.918,2.5038,2.4534,23.53,17.663,41.0621,6.83,6.33,-999,-999,-999,-999,1126.67,4.42,-999,2.64,-999,-999,-999,-999,1.62,0.94,0.0,0.0,-999,-999,-999,-999,-999,-999,-999,-999,-999,-999,-999,-999,1.0,-999,-999,-999,-999,-999,-999
function,gaussian,0.001,500.0,0,0,99999999,['nx'],['nx'],['nx'],1,1,300,296,4,0.874,0.136,0.096,0.8745,0.1365,0.0955,1252.05,5.56,-999,-999,-999,-999,1007.16,452.7,-999,513.11,-999,-999,-999,-999,35.15,34.93,0.0,0.0,-999,-999,-999,-999,-999,-999,-999,-999,-999,-999,-999,-999,1.0,-999,-999,-999,-999,-999,-999
function,gaussian,0.001,200.0,0,0,99999999,['nx'],['nx'],['nx'],1,1,300,286,14,0.969,0.1194,0.079,0.971,0.1192,0.082,499.92,5.6,-999,-999,-999,-999,1014.34,184.44,-999,204.09,-999,-999,-999,-999,21.99,21.66,0.0,0.0,-999,-999,-999,-999,-999,-999,-999,-999,-999,-999,-999,-999,1.0,-999,-999,-999,-999,-999,-999
function,gaussian,0.001,300.0,0,0,99999999,['nx'],['nx'],['nx'],1,1,300,291,9,0.878,0.1396,0.157,0.879,0.1392,0.158,751.05,5.58,-999,-999,-999,-999,1004.67,272.07,-999,308.04,-999,-999,-999,-999,27.1,26.82,0.0,0.0,-999,-999,-999,-999,-999,-999,-999,-999,-999,-999,-999,-999,1.0,-999,-999,-999,-999,-999,-999
function,gaussian,0.001,5.0,0,0,99999999,['nx'],['nx'],['nx'],1,1,300,113,187,2.367,0.6801,1.183,5.544,3.4868,17.0346,14.27,5.38,-999,-999,-999,-999,975.58,7.71,-999,5.93,-999,-999,-999,-999,2.53,2.07,0.0,0.0,-999,-999,-999,-999,-999,-999,-999,-999,-999,-999,-999,-999,1.0,-999,-999,-999,-999,-999,-999
function,gaussian,0.001,0.5,0,0,99999999,['nx'],['nx'],['nx'],1,1,300,5,295,12.846,2.1404,4.5678,20.215,13.7254,49.1086,1.2,5.2,-999,-999,-999,-999,924.0,4.7,-999,0.5,-999,-999,-999,-999,1.76,-0.02,0.0,0.0,-999,-999,-999,-999,-999,-999,-999,-999,-999,-999,-999,-999,1.0,-999,-999,-999,-999,-999,-999
function,gaussian,0.001,1.0,0,0,99999999,['nx'],['nx'],['nx'],1,1,300,8,292,9.946,7.656,6.173,23.631,15.396,41.6776,2.38,5.62,-999,-999,-999,-999,987.5,4.6,-999,0.95,-999,-999,-999,-999,1.58,0.13,0.0,0.0,-999,-999,-999,-999,-999,-999,-999,-999,-999,-999,-999,-999,1.0,-999,-999,-999,-999,-999,-999
function,gaussian,0.001,50.0,0,0,99999999,['nx'],['nx'],['nx'],1,1,300,260,40,1.2175,0.2806,0.2335,1.2285,0.2325,0.2337,124.55,5.6,-999,-999,-999,-999,1010.46,52.55,-999,50.97,-999,-999,-999,-999,10.46,9.93,0.0,0.0,-999,-999,-999,-999,-999,-999,-999,-999,-999,-999,-999,-999,1.0,-999,-999,-999,-999,-999,-999
function,gaussian,0.001,0.1,0,0,99999999,['nx'],['nx'],['nx'],1,1,300,5,295,9.858,1.2308,6.6761,16.465,9.706,59.024,0.0,5.4,-999,-999,-999,-999,952.0,4.37,-999,0.0,-999,-999,-999,-999,1.53,-0.76,0.0,0.0,-999,-999,-999,-999,-999,-999,-999,-999,-999,-999,-999,-999,1.0,-999,-999,-999,-999,-999,-999
function,gaussian,0.001,3.0,0,0,99999999,['nx'],['nx'],['nx'],1,1,300,39,261,3.389,1.3734,6.0484,16.054,11.6627,27.6347,9.67,5.33,-999,-999,-999,-999,966.15,5.57,-999,4.03,-999,-999,-999,-999,1.95,1.47,0.0,0.0,-999,-999,-999,-999,-999,-999,-999,-999,-999,-999,-999,-999,1.0,-999,-999,-999,-999,-999,-999
function,gaussian,0.001,0.2,0,0,99999999,['nx'],['nx'],['nx'],1,1,300,5,295,9.862,1.1783,4.5046,16.2555,9.5763,41.1309,0.6,5.2,-999,-999,-999,-999,948.0,4.38,-999,0.25,-999,-999,-999,-999,1.51,-0.67,0.0,0.0,-999,-999,-999,-999,-999,-999,-999,-999,-999,-999,-999,-999,1.0,-999,-999,-999,-999,-999,-999
function,gaussian,0.001,10.0,0,0,99999999,['nx'],['nx'],['nx'],1,1,300,237,63,1.801,0.403,0.5486,1.9895,0.555,0.9588,24.98,5.58,-999,-999,-999,-999,1008.27,11.72,-999,10.24,-999,-999,-999,-999,3.8,3.31,0.0,0.0,-999,-999,-999,-999,-999,-999,-999,-999,-999,-999,-999,-999,1.0,-999,-999,-999,-999,-999,-999
function,gaussian,0.001,0.3,0,0,99999999,['nx'],['nx'],['nx'],1,1,300,4,296,14.787,4.9088,2.9411,17.352,10.7898,44.1766,0.75,5.25,-999,-999,-999,-999,970.0,4.78,-999,0.3,-999,-999,-999,-999,1.54,0.08,0.0,0.0,-999,-999,-999,-999,-999,-999,-999,-999,-999,-999,-999,-999,1.0,-999,-999,-999,-999,-999,-999
function,gaussian,0.001,1000.0,0,0,99999999,['nx'],['nx'],['nx'],1,1,300,300,0,0.875,0.014,0.092,0.875,0.014,0.092,2504.95,5.54,-999,-999,-999,-999,1004.4,910.49,-999,1028.75,-999,-999,-999,-999,49.88,49.72,0.0,0.0,-999,-999,-999,-999,-999,-999,-999,-999,-999,-999,-999,-999,1.0,-999,-999,-999,-999,-999,-999
function,gaussian,0.001,300.0,0,0,99999999,['nx'],['nx'],['nx'],1,1,300,243,57,2.436,0.426,0.034,2.433,0.7763,0.0466,2255.67,17.48,-999,-999,-999,-999,999.75,450.44,-999,533.15,-999,-999,-999,-999,45.92,47.15,46.82,46.19,-999,-999,-999,-999,-999,-999,-999,-999,-999,-999,-999,-999,3.0,-999,-999,-999,-999,-999,-999
function,gaussian,0.001,3.0,0,0,99999999,['nx'],['nx'],['nx'],1,1,300,140,160,5.959,1.8293,3.5718,11.06,6.2588,30.4493,23.65,17.49,-999,-999,-999,-999,998.24,8.61,-999,5.6,-999,-999,-999,-999,3.64,3.15,2.42,1.86,-999,-999,-999,-999,-999,-999,-999,-999,-999,-999,-999,-999,3.0,-999,-999,-999,-999,-999,-999
function,gaussian,0.001,0.2,0,0,99999999,['nx'],['nx'],['nx'],1,1,300,4,296,34.573,7.7222,7.2589,33.777,26.3869,177.4896,2.25,16.75,-999,-999,-999,-999,953.33,7.0,-999,0.54,-999,-999,-999,-999,2.11,2.49,1.69,0.31,-999,-999,-999,-999,-999,-999,-999,-999,-999,-999,-999,-999,3.0,-999,-999,-999,-999,-999,-999
function,gaussian,0.001,100.0,0,0,99999999,['nx'],['nx'],['nx'],1,1,300,229,71,2.485,0.4771,0.4505,2.492,0.5173,0.4753,750.08,17.7,-999,-999,-999,-999,1008.7,149.4,-999,176.45,-999,-999,-999,-999,26.26,26.8,26.26,25.28,-999,-999,-999,-999,-999,-999,-999,-999,-999,-999,-999,-999,3.0,-999,-999,-999,-999,-999,-999
function,gaussian,0.001,20.0,0,0,99999999,['nx'],['nx'],['nx'],1,1,300,250,50,3.448,0.9657,0.6642,3.4515,0.9725,0.7061,149.35,17.62,-999,-999,-999,-999,1006.51,35.78,-999,35.16,-999,-999,-999,-999,11.23,11.03,10.15,8.91,-999,-999,-999,-999,-999,-999,-999,-999,-999,-999,-999,-999,3.0,-999,-999,-999,-999,-999,-999
function,gaussian,0.001,500.0,0,0,99999999,['nx'],['nx'],['nx'],1,1,300,257,43,2.081,0.0572,0.371,2.2465,0.2445,0.2085,3756.99,17.44,-999,-999,-999,-999,994.53,683.59,-999,889.88,-999,-999,-999,-999,59.33,61.03,60.76,60.27,-999,-999,-999,-999,-999,-999,-999,-999,-999,-999,-999,-999,3.0,-999,-999,-999,-999,-999,-999
function,gaussian,0.001,200.0,0,0,99999999,['nx'],['nx'],['nx'],1,1,300,235,65,2.445,0.4407,0.288,2.4455,0.665,0.2978,1500.36,17.65,-999,-999,-999,-999,1006.38,303.2,-999,353.38,-999,-999,-999,-999,37.35,38.31,37.91,37.16,-999,-999,-999,-999,-999,-999,-999,-999,-999,-999,-999,-999,3.0,-999,-999,-999,-999,-999,-999
function,gaussian,0.001,10.0,0,0,99999999,['nx'],['nx'],['nx'],1,1,300,233,67,4.069,1.135,0.79,4.1395,1.1653,1.4328,74.0,17.53,-999,-999,-999,-999,1000.92,20.24,-999,17.46,-999,-999,-999,-999,7.5,7.13,6.17,5.15,-999,-999,-999,-999,-999,-999,-999,-999,-999,-999,-999,-999,3.0,-999,-999,-999,-999,-999,-999
function,gaussian,0.001,0.5,0,0,99999999,['nx'],['nx'],['nx'],1,1,300,6,294,22.7605,5.2567,15.5941,65.648,52.5289,73.199,5.17,16.83,-999,-999,-999,-999,965.55,6.22,-999,1.25,-999,-999,-999,-999,2.06,1.77,1.37,0.44,-999,-999,-999,-999,-999,-999,-999,-999,-999,-999,-999,-999,3.0,-999,-999,-999,-999,-999,-999
function,gaussian,0.001,1.0,0,0,99999999,['nx'],['nx'],['nx'],1,1,300,11,289,15.945,9.6492,22.5122,49.841,33.9501,144.6666,10.36,17.09,-999,-999,-999,-999,978.79,6.14,-999,2.48,-999,-999,-999,-999,2.3,1.91,1.67,0.75,-999,-999,-999,-999,-999,-999,-999,-999,-999,-999,-999,-999,3.0,-999,-999,-999,-999,-999,-999
function,gaussian,0.001,0.3,0,0,99999999,['nx'],['nx'],['nx'],1,1,300,4,296,30.2885,7.736,11.4217,45.196,30.7638,141.3592,3.5,16.5,-999,-999,-999,-999,940.0,6.71,-999,0.85,-999,-999,-999,-999,2.11,2.14,1.66,0.39,-999,-999,-999,-999,-999,-999,-999,-999,-999,-999,-999,-999,3.0,-999,-999,-999,-999,-999,-999
function,gaussian,0.001,50.0,0,0,99999999,['nx'],['nx'],['nx'],1,1,300,243,57,2.9,0.6459,0.3553,2.906,0.8966,0.4332,374.0,17.65,-999,-999,-999,-999,1007.33,80.13,-999,88.06,-999,-999,-999,-999,18.36,18.54,17.82,16.65,-999,-999,-999,-999,-999,-999,-999,-999,-999,-999,-999,-999,3.0,-999,-999,-999,-999,-999,-999
function,gaussian,0.001,5.0,0,0,99999999,['nx'],['nx'],['nx'],1,1,300,229,71,4.881,1.375,1.8312,5.505,1.9478,2.3888,36.99,17.54,-999,-999,-999,-999,1001.31,11.69,-999,8.74,-999,-999,-999,-999,4.83,4.38,3.55,2.84,-999,-999,-999,-999,-999,-999,-999,-999,-999,-999,-999,-999,3.0,-999,-999,-999,-999,-999,-999
function,gaussian,0.001,0.1,0,0,99999999,['nx'],['nx'],['nx'],1,1,300,4,296,31.619,4.8887,7.716,37.998,29.0672,157.6258,0.75,16.5,-999,-999,-999,-999,945.0,6.69,-999,0.18,-999,-999,-999,-999,1.89,2.37,1.4,0.05,-999,-999,-999,-999,-999,-999,-999,-999,-999,-999,-999,-999,3.0,-999,-999,-999,-999,-999,-999
function,gaussian,0.001,2.0,0,0,99999999,['nx'],['nx'],['nx'],1,1,300,61,239,8.155,3.1222,11.5492,27.3865,19.1643,69.3394,17.67,17.43,-999,-999,-999,-999,997.27,6.53,-999,4.18,-999,-999,-999,-999,3.05,2.64,1.95,1.38,-999,-999,-999,-999,-999,-999,-999,-999,-999,-999,-999,-999,3.0,-999,-999,-999,-999,-999,-999
function,gaussian,0.001,1000.0,0,0,99999999,['nx'],['nx'],['nx'],1,1,300,280,20,2.063,0.03,0.3794,2.063,0.0353,0.38,7515.94,17.64,-999,-999,-999,-999,1004.74,1394.08,-999,1772.51,-999,-999,-999,-999,83.97,86.5,86.31,85.96,-999,-999,-999,-999,-999,-999,-999,-999,-999,-999,-999,-999,3.0,-999,-999,-999,-999,-999,-999
function,gaussian,0.001,2000.0,0,0,99999999,['nx'],['nx'],['nx'],1,1,300,300,0,0.874,0.007,0.0082,0.874,0.007,0.0082,5010.24,5.54,-999,-999,-999,-999,1004.27,1818.26,-999,2056.71,-999,-999,-999,-999,70.66,70.55,0.0,0.0,-999,-999,-999,-999,-999,-999,-999,-999,-999,-999,-999,-999,1.0,-999,-999,-999,-999,-999,-999
function,gaussian,0.001,3000.0,0,0,99999999,['nx'],['nx'],['nx'],1,1,300,300,0,0.875,0.0062,0.005,0.875,0.0062,0.005,7516.23,5.6,-999,-999,-999,-999,1005.4,2734.66,-999,3085.72,-999,-999,-999,-999,86.6,86.51,0.0,0.0,-999,-999,-999,-999,-999,-999,-999,-999,-999,-999,-999,-999,1.0,-999,-999,-999,-999,-999,-999
function,gaussian,0.001,5000.0,0,0,99999999,['nx'],['nx'],['nx'],1,1,300,300,0,0.876,0.005,0.003,0.876,0.005,0.003,12528.38,5.57,-999,-999,-999,-999,1007.53,4554.23,-999,5136.36,-999,-999,-999,-999,111.85,111.78,0.0,0.0,-999,-999,-999,-999,-999,-999,-999,-999,-999,-999,-999,-999,1.0,-999,-999,-999,-999,-999,-999
function,gaussian,0.001,5000.0,0,0,99999999,['nx'],['nx'],['nx'],1,1,300,300,0,2.062,0.006,0.372,2.062,0.006,0.372,37589.63,17.64,-999,-999,-999,-999,1005.96,6971.48,-999,8857.53,-999,-999,-999,-999,188.19,193.78,193.69,193.55,-999,-999,-999,-999,-999,-999,-999,-999,-999,-999,-999,-999,3.0,-999,-999,-999,-999,-999,-999
function,gaussian,0.001,3000.0,0,0,99999999,['nx'],['nx'],['nx'],1,1,300,299,1,2.061,0.009,0.375,2.061,0.009,0.375,22552.11,17.64,-999,-999,-999,-999,1006.29,4189.44,-999,5312.51,-999,-999,-999,-999,145.61,150.05,149.94,149.74,-999,-999,-999,-999,-999,-999,-999,-999,-999,-999,-999,-999,3.0,-999,-999,-999,-999,-999,-999
function,gaussian,0.001,2000.0,0,0,99999999,['nx'],['nx'],['nx'],1,1,300,293,7,2.061,0.013,0.376,2.061,0.0132,0.376,15036.13,17.48,-999,-999,-999,-999,1000.32,2805.73,-999,3554.63,-999,-999,-999,-999,118.96,122.47,122.34,122.1,-999,-999,-999,-999,-999,-999,-999,-999,-999,-999,-999,-999,3.0,-999,-999,-999,-999,-999,-999
function,gaussian,0.01,5.0,0,0,99999999,['nx'],['nx'],['nx'],1,1,300,240,60,12.066,3.6751,2.5378,12.186,3.532,3.709,124.37,59.54,-999,-999,-999,-999,999.9,19.41,-999,16.07,-999,-999,-999,-999,7.51,8.0,7.12,5.95,-999,-999,-999,-999,-999,-999,-999,-999,-999,-999,-999,-999,10.0,-999,-999,-999,-999,-999,-999
function,gaussian,0.01,1000.0,0,0,99999999,['nx'],['nx'],['nx'],1,1,300,300,0,7.283,0.03,0.023,7.283,0.03,0.023,25059.21,59.64,-999,-999,-999,-999,1001.79,2603.02,-999,3234.93,-999,-999,-999,-999,118.54,133.28,133.58,133.34,-999,-999,-999,-999,-999,-999,-999,-999,-999,-999,-999,-999,10.0,-999,-999,-999,-999,-999,-999
function,gaussian,0.01,0.5,0,0,99999999,['nx'],['nx'],['nx'],1,1,300,20,280,59.4905,25.6114,40.3955,137.951,93.706,429.2018,13.05,59.2,-999,-999,-999,-999,993.7,9.65,-999,1.7,-999,-999,-999,-999,2.19,2.28,1.92,1.47,-999,-999,-999,-999,-999,-999,-999,-999,-999,-999,-999,-999,10.0,-999,-999,-999,-999,-999,-999
function,gaussian,0.01,1.0,0,0,99999999,['nx'],['nx'],['nx'],1,1,300,53,247,32.979,13.3336,44.2278,111.613,78.6292,235.9019,26.43,59.34,-999,-999,-999,-999,997.06,9.6,-999,3.42,-999,-999,-999,-999,2.92,2.94,2.38,1.86,-999,-999,-999,-999,-999,-999,-999,-999,-999,-999,-999,-999,10.0,-999,-999,-999,-999,-999,-999
function,gaussian,0.01,100.0,0,0,99999999,['nx'],['nx'],['nx'],1,1,300,240,60,7.3505,0.2086,1.3165,7.338,1.3758,1.3462,2503.79,59.64,-999,-999,-999,-999,1002.1,256.77,-999,323.14,-999,-999,-999,-999,37.26,41.76,41.52,40.81,-999,-999,-999,-999,-999,-999,-999,-999,-999,-999,-999,-999,10.0,-999,-999,-999,-999,-999,-999
function,gaussian,0.01,50.0,0,0,99999999,['nx'],['nx'],['nx'],1,1,300,230,70,8.3105,3.944,0.4583,7.7175,3.3496,1.9355,1251.46,59.7,-999,-999,-999,-999,1003.33,135.66,-999,161.43,-999,-999,-999,-999,26.2,29.28,28.88,27.95,-999,-999,-999,-999,-999,-999,-999,-999,-999,-999,-999,-999,10.0,-999,-999,-999,-999,-999,-999
function,gaussian,0.01,10.0,0,0,99999999,['nx'],['nx'],['nx'],1,1,300,233,67,10.313,2.9081,1.9017,10.3305,2.9802,2.0251,249.74,59.65,-999,-999,-999,-999,1002.19,32.85,-999,32.23,-999,-999,-999,-999,11.19,12.24,11.43,10.15,-999,-999,-999,-999,-999,-999,-999,-999,-999,-999,-999,-999,10.0,-999,-999,-999,-999,-999,-999
function,gaussian,0.01,2.0,0,0,99999999,['nx'],['nx'],['nx'],1,1,300,195,105,17.576,5.3243,6.9284,20.1395,6.2928,16.7909,49.65,59.43,-999,-999,-999,-999,998.65,10.91,-999,6.42,-999,-999,-999,-999,4.2,4.27,3.52,2.72,-999,-999,-999,-999,-999,-999,-999,-999,-999,-999,-999,-999,10.0,-999,-999,-999,-999,-999,-999
function,gaussian,0.01,500.0,0,0,99999999,['nx'],['nx'],['nx'],1,1,300,288,12,7.2755,0.0535,0.0386,7.274,0.0573,0.0412,12528.79,59.56,-999,-999,-999,-999,1000.5,1307.46,-999,1618.16,-999,-999,-999,-999,83.78,94.2,94.33,93.99,-999,-999,-999,-999,-999,-999,-999,-999,-999,-999,-999,-999,10.0,-999,-999,-999,-999,-999,-999
function,gaussian,0.01,0.1,0,0,99999999,['nx'],['nx'],['nx'],1,1,300,7,293,56.245,35.748,101.0885,166.096,136.2477,510.6788,2.43,58.29,-999,-999,-999,-999,981.43,9.0,-999,0.32,-999,-999,-999,-999,2.22,1.91,1.64,1.23,-999,-999,-999,-999,-999,-999,-999,-999,-999,-999,-999,-999,10.0,-999,-999,-999,-999,-999,-999
function,gaussian,0.01,3.0,0,0,99999999,['nx'],['nx'],['nx'],1,1,300,237,63,14.47,4.1014,5.2486,14.778,4.3023,5.5446,74.94,59.36,-999,-999,-999,-999,997.21,13.78,-999,9.7,-999,-999,-999,-999,5.46,5.69,4.85,3.89,-999,-999,-999,-999,-999,-999,-999,-999,-999,-999,-999,-999,10.0,-999,-999,-999,-999,-999,-999
function,gaussian,0.01,20.0,0,0,99999999,['nx'],['nx'],['nx'],1,1,300,233,67,8.731,2.5259,1.6748,8.7805,2.6655,1.6984,499.28,59.68,-999,-999,-999,-999,1002.46,59.85,-999,64.43,-999,-999,-999,-999,16.26,18.03,17.37,16.16,-999,-999,-999,-999,-999,-999,-999,-999,-999,-999,-999,-999,10.0,-999,-999,-999,-999,-999,-999
function,gaussian,0.01,0.2,0,0,99999999,['nx'],['nx'],['nx'],1,1,300,7,293,56.167,26.4474,84.6271,154.691,122.7894,448.5801,4.43,58.57,-999,-999,-999,-999,986.0,9.08,-999,0.58,-999,-999,-999,-999,2.0,1.97,1.69,1.13,-999,-999,-999,-999,-999,-999,-999,-999,-999,-999,-999,-999,10.0,-999,-999,-999,-999,-999,-999
function,gaussian,0.01,200.0,0,0,99999999,['nx'],['nx'],['nx'],1,1,300,259,41,7.301,0.126,1.306,7.2995,1.2487,1.3115,5006.17,59.64,-999,-999,-999,-999,1002.2,516.04,-999,646.05,-999,-999,-999,-999,52.9,59.4,59.32,58.81,-999,-999,-999,-999,-999,-999,-999,-999,-999,-999,-999,-999,10.0,-999,-999,-999,-999,-999,-999
function,gaussian,0.01,300.0,0,0,99999999,['nx'],['nx'],['nx'],1,1,300,275,25,7.276,0.082,0.0573,7.2695,0.1284,0.0675,7513.69,59.74,-999,-999,-999,-999,1003.99,784.07,-999,968.77,-999,-999,-999,-999,64.81,72.79,72.81,72.38,-999,-999,-999,-999,-999,-999,-999,-999,-999,-999,-999,-999,10.0,-999,-999,-999,-999,-999,-999
function,gaussian,0.01,0.3,0,0,99999999,['nx'],['nx'],['nx'],1,1,300,9,291,39.922,14.3198,95.728,188.7965,156.1831,610.6047,8.56,58.33,-999,-999,-999,-999,980.0,8.18,-999,1.12,-999,-999,-999,-999,2.13,2.18,1.63,1.22,-999,-999,-999,-999,-999,-999,-999,-999,-999,-999,-999,-999,10.0,-999,-999,-999,-999,-999,-999
function,gaussian,0.1,0.3,0,0,99999999,['nx'],['nx'],['nx'],1,1,300,15,285,140.879,69.5466,133.6095,360.319,225.9858,954.9828,23.93,180.27,-999,-999,-999,-999,1004.71,14.01,-999,1.78,-999,-999,-999,-999,2.38,2.56,2.74,2.47,-999,-999,-999,-999,-999,-999,-999,-999,-999,-999,-999,-999,30.0,-999,-999,-999,-999,-999,-999
function,gaussian,0.1,5.0,0,0,99999999,['nx'],['nx'],['nx'],1,1,300,234,66,29.922,11.4875,4.3419,30.1135,9.329,6.263,374.61,179.29,-999,-999,-999,-999,998.74,30.17,-999,27.95,-999,-999,-999,-999,8.21,11.15,14.0,13.55,-999,-999,-999,-999,-999,-999,-999,-999,-999,-999,-999,-999,30.0,-999,-999,-999,-999,-999,-999
function,gaussian,0.1,0.2,0,0,99999999,['nx'],['nx'],['nx'],1,1,300,8,292,118.4595,33.6467,142.2602,313.099,231.345,1045.768,16.88,180.62,-999,-999,-999,-999,1006.42,12.79,-999,1.25,-999,-999,-999,-999,2.22,2.34,2.57,2.53,-999,-999,-999,-999,-999,-999,-999,-999,-999,-999,-999,-999,30.0,-999,-999,-999,-999,-999,-999
function,gaussian,0.1,3.0,0,0,99999999,['nx'],['nx'],['nx'],1,1,300,232,68,31.25,7.1711,6.9634,35.4855,10.6245,7.9401,224.04,179.46,-999,-999,-999,-999,999.76,20.7,-999,16.71,-999,-999,-999,-999,6.11,8.14,10.14,9.5,-999,-999,-999,-999,-999,-999,-999,-999,-999,-999,-999,-999,30.0,-999,-999,-999,-999,-999,-999
function,gaussian,0.1,0.1,0,0,99999999,['nx'],['nx'],['nx'],1,1,300,5,295,244.012,134.5116,123.0888,392.7105,278.7958,1483.9903,8.6,180.4,-999,-999,-999,-999,1006.8,17.0,-999,0.64,-999,-999,-999,-999,2.21,2.27,2.75,2.28,-999,-999,-999,-999,-999,-999,-999,-999,-999,-999,-999,-999,30.0,-999,-999,-999,-999,-999,-999
function,gaussian,0.1,2.0,0,0,99999999,['nx'],['nx'],['nx'],1,1,300,220,80,41.477,15.1944,9.2242,42.4355,12.6193,15.9271,149.78,179.43,-999,-999,-999,-999,999.52,17.03,-999,11.17,-999,-999,-999,-999,4.79,6.26,7.7,6.98,-999,-999,-999,-999,-999,-999,-999,-999,-999,-999,-999,-999,30.0,-999,-999,-999,-999,-999,-999
function,gaussian,0.1,20.0,0,0,99999999,['nx'],['nx'],['nx'],1,1,300,234,66,25.534,7.7829,0.4776,25.4955,8.2772,0.6715,1501.76,179.33,-999,-999,-999,-999,999.04,102.15,-999,112.02,-999,-999,-999,-999,17.27,24.0,30.5,31.13,-999,-999,-999,-999,-999,-999,-999,-999,-999,-999,-999,-999,30.0,-999,-999,-999,-999,-999,-999
function,gaussian,0.1,500.0,0,0,99999999,['nx'],['nx'],['nx'],1,1,300,300,0,21.746,0.061,2.278,21.746,0.061,2.278,37590.99,179.62,-999,-999,-999,-999,1000.54,2286.38,-999,2801.75,-999,-999,-999,-999,87.84,123.27,157.38,164.39,-999,-999,-999,-999,-999,-999,-999,-999,-999,-999,-999,-999,30.0,-999,-999,-999,-999,-999,-999
function,gaussian,0.1,100.0,0,0,99999999,['nx'],['nx'],['nx'],1,1,300,270,30,21.742,0.288,3.801,21.7285,0.3543,3.815,7514.41,179.69,-999,-999,-999,-999,1000.84,461.27,-999,560.0,-999,-999,-999,-999,39.2,54.9,69.97,72.78,-999,-999,-999,-999,-999,-999,-999,-999,-999,-999,-999,-999,30.0,-999,-999,-999,-999,-999,-999
function,gaussian,0.1,0.5,0,0,99999999,['nx'],['nx'],['nx'],1,1,300,50,250,116.6375,58.9977,121.4737,323.2865,216.4253,963.2221,37.78,179.78,-999,-999,-999,-999,1001.4,14.06,-999,2.81,-999,-999,-999,-999,2.51,2.78,3.12,2.78,-999,-999,-999,-999,-999,-999,-999,-999,-999,-999,-999,-999,30.0,-999,-999,-999,-999,-999,-999
function,gaussian,0.1,1.0,0,0,99999999,['nx'],['nx'],['nx'],1,1,300,176,124,60.039,22.75,24.272,72.2225,29.2047,115.749,75.47,179.64,-999,-999,-999,-999,1000.67,14.29,-999,5.62,-999,-999,-999,-999,3.27,3.97,4.67,4.06,-999,-999,-999,-999,-999,-999,-999,-999,-999,-999,-999,-999,30.0,-999,-999,-999,-999,-999,-999
function,gaussian,0.1,300.0,0,0,99999999,['nx'],['nx'],['nx'],1,1,300,298,2,21.7345,0.086,2.2905,21.7345,0.0873,2.2905,22553.05,179.71,-999,-999,-999,-999,1001.23,1373.09,-999,1680.36,-999,-999,-999,-999,68.02,95.42,121.79,127.12,-999,-999,-999,-999,-999,-999,-999,-999,-999,-999,-999,-999,30.0,-999,-999,-999,-999,-999,-999
function,gaussian,0.1,10.0,0,0,99999999,['nx'],['nx'],['nx'],1,1,300,226,74,25.6755,8.0715,4.8195,25.5685,9.2809,5.0368,749.46,179.46,-999,-999,-999,-999,999.87,52.67,-999,55.88,-999,-999,-999,-999,11.98,16.52,20.95,20.92,-999,-999,-999,-999,-999,-999,-999,-999,-999,-999,-999,-999,30.0,-999,-999,-999,-999,-999,-999
function,gaussian,0.1,50.0,0,0,99999999,['nx'],['nx'],['nx'],1,1,300,245,55,21.862,0.5039,3.81,21.828,2.1249,3.8843,3753.96,179.51,-999,-999,-999,-999,1000.01,230.13,-999,279.87,-999,-999,-999,-999,27.65,38.59,49.19,50.9,-999,-999,-999,-999,-999,-999,-999,-999,-999,-999,-999,-999,30.0,-999,-999,-999,-999,-999,-999
function,gaussian,0.1,200.0,0,0,99999999,['nx'],['nx'],['nx'],1,1,300,289,11,21.724,0.1319,2.3028,21.7195,0.1428,2.3058,15031.66,180.01,-999,-999,-999,-999,1002.66,916.44,-999,1119.14,-999,-999,-999,-999,55.51,77.84,99.34,103.6,-999,-999,-999,-999,-999,-999,-999,-999,-999,-999,-999,-999,30.0,-999,-999,-999,-999,-999,-999
function,gaussian,0.1,3.0,0,0,99999999,['nx'],['nx'],['nx'],1,1,300,205,95,87.012,17.6966,17.0181,87.265,26.7054,28.0932,753.6,598.58,-999,-999,-999,-999,998.43,35.93,-999,30.79,-999,-999,-999,-999,6.58,8.76,11.81,16.24,-999,-999,-999,-999,-999,-999,-999,-999,-999,-999,-999,-999,100.0,-999,-999,-999,-999,-999,-999
function,gaussian,0.1,10.0,0,0,99999999,['nx'],['nx'],['nx'],1,1,300,211,89,73.216,13.0506,13.2584,72.799,30.097,13.8676,2506.62,599.06,-999,-999,-999,-999,999.23,89.77,-999,102.38,-999,-999,-999,-999,12.49,17.18,23.57,32.87,-999,-999,-999,-999,-999,-999,-999,-999,-999,-999,-999,-999,100.0,-999,-999,-999,-999,-999,-999
function,gaussian,0.1,0.3,0,0,99999999,['nx'],['nx'],['nx'],1,1,300,66,234,334.8945,147.9033,423.9963,1140.625,824.7214,2885.7388,78.03,599.36,-999,-999,-999,-999,999.63,21.98,-999,3.19,-999,-999,-999,-999,2.54,2.7,2.87,3.23,-999,-999,-999,-999,-999,-999,-999,-999,-999,-999,-999,-999,100.0,-999,-999,-999,-999,-999,-999
function,gaussian,0.1,5.0,0,0,99999999,['nx'],['nx'],['nx'],1,1,300,210,90,85.766,16.6533,10.2527,85.372,35.6208,14.9888,1252.98,599.17,-999,-999,-999,-999,999.37,52.33,-999,51.17,-999,-999,-999,-999,8.66,11.75,15.98,22.15,-999,-999,-999,-999,-999,-999,-999,-999,-999,-999,-999,-999,100.0,-999,-999,-999,-999,-999,-999
function,gaussian,0.1,200.0,0,0,99999999,['nx'],['nx'],['nx'],1,1,300,245,55,72.698,0.1678,0.1429,72.655,15.4443,0.1733,50125.26,599.17,-999,-999,-999,-999,999.37,1671.04,-999,2047.12,-999,-999,-999,-999,56.6,79.44,109.79,154.25,-999,-999,-999,-999,-999,-999,-999,-999,-999,-999,-999,-999,100.0,-999,-999,-999,-999,-999,-999
function,gaussian,0.1,0.2,0,0,99999999,['nx'],['nx'],['nx'],1,1,300,31,269,511.507,338.9542,647.451,1307.414,832.2292,3726.3727,49.68,599.48,-999,-999,-999,-999,999.79,24.7,-999,2.03,-999,-999,-999,-999,2.41,2.52,2.51,2.59,-999,-999,-999,-999,-999,-999,-999,-999,-999,-999,-999,-999,100.0,-999,-999,-999,-999,-999,-999
function,gaussian,0.1,0.1,0,0,99999999,['nx'],['nx'],['nx'],1,1,300,11,289,1005.614,815.6322,381.5848,1382.7585,1179.965,3934.5028,24.27,598.91,-999,-999,-999,-999,999.11,33.04,-999,0.99,-999,-999,-999,-999,2.36,2.33,2.36,2.3,-999,-999,-999,-999,-999,-999,-999,-999,-999,-999,-999,-999,100.0,-999,-999,-999,-999,-999,-999
function,gaussian,0.1,50.0,0,0,99999999,['nx'],['nx'],['nx'],1,1,300,225,75,72.616,0.5208,0.4214,72.5035,38.0179,0.5207,12525.43,598.79,-999,-999,-999,-999,998.85,424.97,-999,511.68,-999,-999,-999,-999,28.33,39.56,54.53,76.51,-999,-999,-999,-999,-999,-999,-999,-999,-999,-999,-999,-999,100.0,-999,-999,-999,-999,-999,-999
function,gaussian,0.1,1.0,0,0,99999999,['nx'],['nx'],['nx'],1,1,300,219,81,140.523,40.2214,28.7395,143.0155,41.8871,56.525,250.94,598.79,-999,-999,-999,-999,998.86,22.04,-999,10.25,-999,-999,-999,-999,3.68,4.53,5.78,7.61,-999,-999,-999,-999,-999,-999,-999,-999,-999,-999,-999,-999,100.0,-999,-999,-999,-999,-999,-999
function,gaussian,0.1,2.0,0,0,99999999,['nx'],['nx'],['nx'],1,1,300,211,89,102.24,31.994,19.7858,102.257,34.9108,24.2631,502.5,598.86,-999,-999,-999,-999,998.94,29.39,-999,20.53,-999,-999,-999,-999,5.32,6.9,9.18,12.49,-999,-999,-999,-999,-999,-999,-999,-999,-999,-999,-999,-999,100.0,-999,-999,-999,-999,-999,-999
function,gaussian,0.1,300.0,0,0,99999999,['nx'],['nx'],['nx'],1,1,300,243,57,72.696,0.1158,0.1093,72.6665,38.179,0.124,75207.74,598.99,-999,-999,-999,-999,999.12,2502.8,-999,3071.87,-999,-999,-999,-999,69.3,97.32,134.62,189.12,-999,-999,-999,-999,-999,-999,-999,-999,-999,-999,-999,-999,100.0,-999,-999,-999,-999,-999,-999
function,gaussian,0.1,100.0,0,0,99999999,['nx'],['nx'],['nx'],1,1,300,229,71,72.692,0.2901,0.237,72.5765,35.4113,0.3063,25061.01,599.4,-999,-999,-999,-999,999.83,840.1,-999,1023.28,-999,-999,-999,-999,40.07,56.13,77.49,108.83,-999,-999,-999,-999,-999,-999,-999,-999,-999,-999,-999,-999,100.0,-999,-999,-999,-999,-999,-999
function,gaussian,0.1,0.5,0,0,99999999,['nx'],['nx'],['nx'],1,1,300,154,146,203.81,60.838,81.7667,285.946,114.3568,630.5369,126.85,599.4,-999,-999,-999,-999,999.86,19.83,-999,5.18,-999,-999,-999,-999,2.81,3.11,3.67,4.51,-999,-999,-999,-999,-999,-999,-999,-999,-999,-999,-999,-999,100.0,-999,-999,-999,-999,-999,-999
function,gaussian,0.1,20.0,0,0,99999999,['nx'],['nx'],['nx'],1,1,300,214,86,72.6965,12.8013,13.2816,72.407,29.7744,13.5298,5010.39,599.2,-999,-999,-999,-999,999.48,174.79,-999,204.62,-999,-999,-999,-999,17.82,24.75,34.03,47.67,-999,-999,-999,-999,-999,-999,-999,-999,-999,-999,-999,-999,100.0,-999,-999,-999,-999,-999,-999
function,gaussian,0.1,500.0,0,0,99999999,['nx'],['nx'],['nx'],1,1,300,273,27,72.723,0.0975,0.0825,72.708,0.1203,0.0933,125327.2,598.83,-999,-999,-999,-999,998.87,4164.08,-999,5119.76,-999,-999,-999,-999,89.43,125.69,173.91,244.32,-999,-999,-999,-999,-999,-999,-999,-999,-999,-999,-999,-999,100.0,-999,-999,-999,-999,-999,-999
function,gaussian,0.1,1000.0,0,0,99999999,['nx'],['nx'],['nx'],1,1,300,300,0,21.755,0.035,0.0362,21.755,0.035,0.0362,75186.94,179.44,-999,-999,-999,-999,999.54,4566.41,-999,5606.85,-999,-999,-999,-999,124.24,174.4,222.71,232.75,-999,-999,-999,-999,-999,-999,-999,-999,-999,-999,-999,-999,30.0,-999,-999,-999,-999,-999,-999
function,gaussian,0.1,1000.0,0,0,99999999,['nx'],['nx'],['nx'],1,1,300,288,12,72.745,0.0581,0.0571,72.742,0.0693,0.059,250653.74,598.11,-999,-999,-999,-999,997.68,8318.81,-999,10245.48,-999,-999,-999,-999,126.37,177.77,246.07,345.66,-999,-999,-999,-999,-999,-999,-999,-999,-999,-999,-999,-999,100.0,-999,-999,-999,-999,-999,-999
function,gaussian,1.0,0.5,0,0,99999999,['nx'],['nx'],['nx'],1,1,300,206,94,442.5395,125.7481,147.2451,496.693,149.4283,187.4972,376.8,1799.34,-999,-999,-999,-999,999.92,29.43,-999,8.88,-999,-999,-999,-999,3.11,3.5,4.13,5.04,-999,-999,-999,-999,-999,-999,-999,-999,-999,-999,-999,-999,300.0,-999,-999,-999,-999,-999,-999
function,gaussian,1.0,2.0,0,0,99999999,['nx'],['nx'],['nx'],1,1,300,189,111,256.751,69.7457,46.7997,254.092,108.0902,50.2899,1505.9,1798.2,-999,-999,-999,-999,999.3,46.38,-999,35.51,-999,-999,-999,-999,5.67,7.31,9.69,13.14,-999,-999,-999,-999,-999,-999,-999,-999,-999,-999,-999,-999,300.0,-999,-999,-999,-999,-999,-999
function,gaussian,1.0,1.0,0,0,99999999,['nx'],['nx'],['nx'],1,1,300,194,106,305.0575,88.7737,69.1363,307.856,91.782,110.5558,752.45,1798.69,-999,-999,-999,-999,999.57,34.15,-999,17.74,-999,-999,-999,-999,4.07,5.01,6.29,8.25,-999,-999,-999,-999,-999,-999,-999,-999,-999,-999,-999,-999,300.0,-999,-999,-999,-999,-999,-999
function,gaussian,1.0,0.3,0,0,99999999,['nx'],['nx'],['nx'],1,1,300,161,139,597.563,227.9008,254.4864,780.084,338.7792,1357.6257,227.39,1800.2,-999,-999,-999,-999,1000.39,30.7,-999,5.36,-999,-999,-999,-999,2.78,2.97,3.26,3.71,-999,-999,-999,-999,-999,-999,-999,-999,-999,-999,-999,-999,300.0,-999,-999,-999,-999,-999,-999
function,gaussian,1.0,0.1,0,0,99999999,['nx'],['nx'],['nx'],1,1,300,31,269,2419.301,1241.1468,1186.0934,4574.321,2846.6162,11042.5319,77.81,1802.23,-999,-999,-999,-999,1001.55,50.92,-999,1.83,-999,-999,-999,-999,2.69,2.59,2.74,2.72,-999,-999,-999,-999,-999,-999,-999,-999,-999,-999,-999,-999,300.0,-999,-999,-999,-999,-999,-999
function,gaussian,1.0,0.2,0,0,99999999,['nx'],['nx'],['nx'],1,1,300,84,216,1097.5185,496.2172,1156.4376,2445.225,1517.8554,5516.7317,149.17,1798.19,-999,-999,-999,-999,999.28,36.52,-999,3.52,-999,-999,-999,-999,2.68,2.7,2.8,3.03,-999,-999,-999,-999,-999,-999,-999,-999,-999,-999,-999,-999,300.0,-999,-999,-999,-999,-999,-999
function,gaussian,1.0,3.0,0,0,99999999,['nx'],['nx'],['nx'],1,1,300,169,131,254.32,43.88,5.2366,251.7585,110.3518,28.6011,2260.13,1797.73,-999,-999,-999,-999,999.03,62.43,-999,53.3,-999,-999,-999,-999,6.91,9.18,12.41,16.98,-999,-999,-999,-999,-999,-999,-999,-999,-999,-999,-999,-999,300.0,-999,-999,-999,-999,-999,-999
function,gaussian,1.0,20.0,0,0,99999999,['nx'],['nx'],['nx'],1,1,300,209,91,217.059,1.3374,37.6768,216.474,137.2555,37.9105,15043.71,1798.78,-999,-999,-999,-999,999.6,303.15,-999,354.66,-999,-999,-999,-999,18.18,25.15,35.09,49.15,-999,-999,-999,-999,-999,-999,-999,-999,-999,-999,-999,-999,300.0,-999,-999,-999,-999,-999,-999
function,gaussian,1.0,5.0,0,0,99999999,['nx'],['nx'],['nx'],1,1,300,187,113,253.739,40.6698,2.7895,224.756,115.0798,32.3662,3758.42,1797.67,-999,-999,-999,-999,998.98,93.22,-999,88.63,-999,-999,-999,-999,9.05,12.14,16.64,23.01,-999,-999,-999,-999,-999,-999,-999,-999,-999,-999,-999,-999,300.0,-999,-999,-999,-999,-999,-999
function,gaussian,1.0,50.0,0,0,99999999,['nx'],['nx'],['nx'],1,1,300,215,85,217.175,0.5746,0.5218,216.9075,149.445,0.6355,37600.09,1799.4,-999,-999,-999,-999,999.96,735.98,-999,886.28,-999,-999,-999,-999,28.64,40.02,56.1,78.9,-999,-999,-999,-999,-999,-999,-999,-999,-999,-999,-999,-999,300.0,-999,-999,-999,-999,-999,-999
function,gaussian,1.0,100.0,0,0,99999999,['nx'],['nx'],['nx'],1,1,300,221,79,217.162,0.3748,0.4668,217.0205,143.2791,0.4455,75195.71,1799.44,-999,-999,-999,-999,999.97,1456.15,-999,1772.45,-999,-999,-999,-999,40.39,56.61,79.58,112.09,-999,-999,-999,-999,-999,-999,-999,-999,-999,-999,-999,-999,300.0,-999,-999,-999,-999,-999,-999
function,gaussian,1.0,10.0,0,0,99999999,['nx'],['nx'],['nx'],1,1,300,195,105,217.932,3.9008,37.5054,215.781,130.002,39.5222,7515.41,1797.39,-999,-999,-999,-999,998.83,158.87,-999,177.25,-999,-999,-999,-999,12.81,17.55,24.33,33.91,-999,-999,-999,-999,-999,-999,-999,-999,-999,-999,-999,-999,300.0,-999,-999,-999,-999,-999,-999
function,gaussian,1.0,200.0,0,0,99999999,['nx'],['nx'],['nx'],1,1,300,252,48,217.196,0.2629,0.196,217.143,0.6428,0.224,150392.47,1799.19,-999,-999,-999,-999,999.81,2898.18,-999,3545.21,-999,-999,-999,-999,56.96,80.05,112.67,158.87,-999,-999,-999,-999,-999,-999,-999,-999,-999,-999,-999,-999,300.0,-999,-999,-999,-999,-999,-999
function,gaussian,1.0,300.0,0,0,99999999,['nx'],['nx'],['nx'],1,1,300,263,37,217.23,0.181,0.1532,217.204,0.3194,0.1646,225585.25,1799.19,-999,-999,-999,-999,999.84,4340.51,-999,5317.65,-999,-999,-999,-999,69.67,98.02,138.1,194.77,-999,-999,-999,-999,-999,-999,-999,-999,-999,-999,-999,-999,300.0,-999,-999,-999,-999,-999,-999
function,gaussian,1.0,500.0,0,0,99999999,['nx'],['nx'],['nx'],1,1,300,284,16,217.247,0.145,0.1382,217.2325,0.18,0.1471,375974.14,1798.95,-999,-999,-999,-999,999.71,7226.05,-999,8863.33,-999,-999,-999,-999,89.81,126.51,178.35,251.62,-999,-999,-999,-999,-999,-999,-999,-999,-999,-999,-999,-999,300.0,-999,-999,-999,-999,-999,-999
function,gaussian,1.0,3.0,0,0,99999999,['nx'],['nx'],['nx'],1,1,300,199,101,851.407,138.5403,7.5221,721.0905,428.2019,137.3293,7519.3,5996.98,-999,-999,-999,-999,999.58,113.61,-999,97.09,-999,-999,-999,-999,7.25,9.54,12.81,17.47,-999,-999,-999,-999,-999,-999,-999,-999,-999,-999,-999,-999,1000.0,-999,-999,-999,-999,-999,-999
function,gaussian,1.0,0.3,0,0,99999999,['nx'],['nx'],['nx'],1,1,300,205,95,1428.533,426.7929,356.4586,1459.9995,425.7677,563.1405,751.71,5999.43,-999,-999,-999,-999,999.98,48.22,-999,9.7,-999,-999,-999,-999,3.05,3.28,3.63,4.21,-999,-999,-999,-999,-999,-999,-999,-999,-999,-999,-999,-999,1000.0,-999,-999,-999,-999,-999,-999
function,gaussian,1.0,0.1,0,0,99999999,['nx'],['nx'],['nx'],1,1,300,69,231,3417.069,1132.8634,3713.8692,11233.0295,7822.1544,21160.9475,250.46,5996.45,-999,-999,-999,-999,999.5,62.15,-999,3.23,-999,-999,-999,-999,2.86,2.85,2.95,2.88,-999,-999,-999,-999,-999,-999,-999,-999,-999,-999,-999,-999,1000.0,-999,-999,-999,-999,-999,-999
function,gaussian,1.0,1.0,0,0,99999999,['nx'],['nx'],['nx'],1,1,300,184,116,863.5385,319.9784,168.8963,854.4845,364.3062,185.8011,2510.54,5997.43,-999,-999,-999,-999,999.65,56.34,-999,32.42,-999,-999,-999,-999,4.37,5.38,6.84,8.86,-999,-999,-999,-999,-999,-999,-999,-999,-999,-999,-999,-999,1000.0,-999,-999,-999,-999,-999,-999
function,gaussian,1.0,2.0,0,0,99999999,['nx'],['nx'],['nx'],1,1,300,191,109,849.612,146.384,13.9712,717.995,378.6137,145.3031,5006.73,5997.34,-999,-999,-999,-999,999.63,85.57,-999,64.65,-999,-999,-999,-999,5.99,7.7,10.15,13.68,-999,-999,-999,-999,-999,-999,-999,-999,-999,-999,-999,-999,1000.0,-999,-999,-999,-999,-999,-999
function,gaussian,1.0,0.2,0,0,99999999,['nx'],['nx'],['nx'],1,1,300,208,92,1772.154,570.1378,654.8404,1991.7865,724.9619,1292.73,501.21,6000.15,-999,-999,-999,-999,1000.1,48.46,-999,6.47,-999,-999,-999,-999,2.91,3.03,3.19,3.42,-999,-999,-999,-999,-999,-999,-999,-999,-999,-999,-999,-999,1000.0,-999,-999,-999,-999,-999,-999
function,gaussian,1.0,10.0,0,0,99999999,['nx'],['nx'],['nx'],1,1,300,204,96,727.26,3.31,2.3826,725.224,544.7876,3.9315,25058.23,5998.73,-999,-999,-999,-999,999.87,289.89,-999,323.52,-999,-999,-999,-999,13.11,17.9,24.75,34.46,-999,-999,-999,-999,-999,-999,-999,-999,-999,-999,-999,-999,1000.0,-999,-999,-999,-999,-999,-999
function,gaussian,1.0,0.5,0,0,99999999,['nx'],['nx'],['nx'],1,1,300,201,99,1181.768,367.061,219.532,1183.719,457.3399,273.132,1249.7,5998.09,-999,-999,-999,-999,999.76,49.55,-999,16.14,-999,-999,-999,-999,3.37,3.9,4.63,5.66,-999,-999,-999,-999,-999,-999,-999,-999,-999,-999,-999,-999,1000.0,-999,-999,-999,-999,-999,-999
function,gaussian,1.0,5.0,0,0,99999999,['nx'],['nx'],['nx'],1,1,300,201,99,727.211,6.804,129.684,723.419,475.9684,132.9802,12534.6,5996.9,-999,-999,-999,-999,999.56,158.35,-999,161.86,-999,-999,-999,-999,9.31,12.48,17.03,23.53,-999,-999,-999,-999,-999,-999,-999,-999,-999,-999,-999,-999,1000.0,-999,-999,-999,-999,-999,-999
function,gaussian,1.0,20.0,0,0,99999999,['nx'],['nx'],['nx'],1,1,300,194,106,727.4625,1.8578,1.4815,726.0705,576.7746,2.3923,50103.2,5999.2,-999,-999,-999,-999,999.95,552.21,-999,646.85,-999,-999,-999,-999,18.41,25.42,35.44,49.61,-999,-999,-999,-999,-999,-999,-999,-999,-999,-999,-999,-999,1000.0,-999,-999,-999,-999,-999,-999
function,gaussian,1.0,50.0,0,0,99999999,['nx'],['nx'],['nx'],1,1,300,190,110,727.481,0.9398,0.8096,726.738,632.34,1.3348,125325.41,5998.91,-999,-999,-999,-999,999.9,1340.21,-999,1618.04,-999,-999,-999,-999,28.9,40.28,56.49,79.4,-999,-999,-999,-999,-999,-999,-999,-999,-999,-999,-999,-999,1000.0,-999,-999,-999,-999,-999,-999
function,gaussian,1.0,100.0,0,0,99999999,['nx'],['nx'],['nx'],1,1,300,206,94,727.623,0.7054,0.5808,727.227,653.6459,0.8202,250646.95,5999.85,-999,-999,-999,-999,1000.06,2651.89,-999,3235.77,-999,-999,-999,-999,40.66,56.94,80.0,112.66,-999,-999,-999,-999,-999,-999,-999,-999,-999,-999,-999,-999,1000.0,-999,-999,-999,-999,-999,-999
function,gaussian,1.0,200.0,0,0,99999999,['nx'],['nx'],['nx'],1,1,300,211,89,727.552,0.417,0.3786,727.3615,656.7419,0.472,501264.03,6000.59,-999,-999,-999,-999,1000.18,5278.4,-999,6470.77,-999,-999,-999,-999,57.23,80.37,113.18,159.6,-999,-999,-999,-999,-999,-999,-999,-999,-999,-999,-999,-999,1000.0,-999,-999,-999,-999,-999,-999
function,gaussian,1.0,300.0,0,0,99999999,['nx'],['nx'],['nx'],1,1,300,194,106,727.591,0.3401,0.2787,727.35,663.002,0.4455,751901.03,5997.79,-999,-999,-999,-999,999.71,7903.82,-999,9708.47,-999,-999,-999,-999,69.93,98.34,138.62,195.58,-999,-999,-999,-999,-999,-999,-999,-999,-999,-999,-999,-999,1000.0,-999,-999,-999,-999,-999,-999
function,gaussian,1.0,500.0,0,0,99999999,['nx'],['nx'],['nx'],1,1,300,218,82,727.5705,0.2653,0.3082,727.4555,652.639,0.329,1253257.33,5998.66,-999,-999,-999,-999,999.86,13157.4,-999,16180.76,-999,-999,-999,-999,90.11,126.91,179.0,252.65,-999,-999,-999,-999,-999,-999,-999,-999,-999,-999,-999,-999,1000.0,-999,-999,-999,-999,-999,-999
function,gaussian,1.0,1000.0,0,0,99999999,['nx'],['nx'],['nx'],1,1,300,297,3,217.261,0.1156,0.0926,217.259,0.121,0.0942,751950.09,1798.87,-999,-999,-999,-999,999.63,14437.24,-999,17727.38,-999,-999,-999,-999,126.81,178.86,252.32,356.02,-999,-999,-999,-999,-999,-999,-999,-999,-999,-999,-999,-999,300.0,-999,-999,-999,-999,-999,-999
function,gaussian,1.0,1000.0,0,0,99999999,['nx'],['nx'],['nx'],1,1,300,246,54,727.599,0.1904,0.181,727.537,598.6276,0.215,2506586.42,6001.29,-999,-999,-999,-999,1000.29,26282.13,-999,32355.38,-999,-999,-999,-999,127.15,179.29,253.05,357.37,-999,-999,-999,-999,-999,-999,-999,-999,-999,-999,-999,-999,1000.0,-999,-999,-999,-999,-999,-999
