sim_type,pulse_shape,bin_width_ms,peak_amplitude,peak_amp_relative,overall_amplitude,position,angle,trigger,background_level,sim_det,base_det,analysis_det,num_analysis_det,total_sim,successful_runs,failed_runs,median_mvt_ms,mvt_err_lower,mvt_err_upper,all_median_mvt_ms,all_mvt_err_lower,all_mvt_err_upper,mean_src_counts,mean_bkgd_counts,mean_src_counts_total,mean_src_counts_template,mean_src_counts_feature,mean_bkgd_counts_feature_local,mean_back_avg_cps,MVT_snr,MVT_snr_position,S_flu,S_flu_total,S_flu_template,S_flu_feature_avg,S_flu_feature_local,S16,S32,S64,S128,S16_total,S32_total,S64_total,S128_total,S16_template,S32_template,S64_template,S128_template,S16_feature,S32_feature,S64_feature,S128_feature,sigma,center_time,width,peak_time_ratio,start_time,rise_time,decay_time
function,gaussian,10.0,1,-999,-999,0,0,99999999,1,['nx'],['nx'],['nx'],1,300,210,90,142.3245,41.0929,30.5419,142.49,58.2062,35.8126,250.9,598.93,-999,-999,-999,-999,999.1,22.87,-999,10.25,-999,-999,-999,-999,3.68,-999,-999,-999,-999,-999,-999,-999,-999,-999,-999,-999,-999,-999,-999,-999,0.1,-999,-999,-999,-999,-999,-999
function,gaussian,3.0,3,-999,-999,0,0,99999999,1,['nx'],['nx'],['nx'],1,300,172,128,227.8735,41.5127,42.0915,224.776,98.8552,47.0775,2259.74,1798.34,-999,-999,-999,-999,999.38,57.65,-999,53.28,-999,-999,-999,-999,6.91,-999,-999,-999,-999,-999,-999,-999,-999,-999,-999,-999,-999,-999,-999,-999,0.3,-999,-999,-999,-999,-999,-999
function,gaussian,10.0,3,-999,-999,0,0,99999999,1,['nx'],['nx'],['nx'],1,300,189,111,744.305,9.7794,138.8105,740.158,443.1212,59.68,7518.66,5997.61,-999,-999,-999,-999,999.69,107.11,-999,97.08,-999,-999,-999,-999,7.25,-999,-999,-999,-999,-999,-999,-999,-999,-999,-999,-999,-999,-999,-999,-999,1.0,-999,-999,-999,-999,-999,-999
function,gaussian,10.0,1,-999,-999,0,0,99999999,1,['nx'],['nx'],['nx'],1,300,198,102,309.2995,76.5913,73.1746,309.7995,104.2105,80.931,751.7,1798.82,-999,-999,-999,-999,999.65,33.97,-999,17.72,-999,-999,-999,-999,4.06,-999,-999,-999,-999,-999,-999,-999,-999,-999,-999,-999,-999,-999,-999,-999,0.3,-999,-999,-999,-999,-999,-999
function,gaussian,0.3,1,-999,-999,0,0,99999999,1,['nx'],['nx'],['nx'],1,300,219,81,132.005,38.7602,43.8089,148.4055,50.6379,50.8837,251.27,598.87,-999,-999,-999,-999,999.01,21.08,-999,10.26,-999,-999,-999,-999,3.69,-999,-999,-999,-999,-999,-999,-999,-999,-999,-999,-999,-999,-999,-999,-999,0.1,-999,-999,-999,-999,-999,-999
function,gaussian,0.3,3,-999,-999,0,0,99999999,1,['nx'],['nx'],['nx'],1,300,209,91,90.674,25.926,17.6246,90.737,29.3077,19.5017,754.39,598.62,-999,-999,-999,-999,998.5,37.03,-999,30.82,-999,-999,-999,-999,6.59,-999,-999,-999,-999,-999,-999,-999,-999,-999,-999,-999,-999,-999,-999,-999,0.1,-999,-999,-999,-999,-999,-999
function,gaussian,1.0,3,-999,-999,0,0,99999999,1,['nx'],['nx'],['nx'],1,300,212,88,89.1955,26.1435,18.275,89.035,28.0226,19.8964,753.51,598.76,-999,-999,-999,-999,998.72,35.42,-999,30.78,-999,-999,-999,-999,6.58,-999,-999,-999,-999,-999,-999,-999,-999,-999,-999,-999,-999,-999,-999,-999,0.1,-999,-999,-999,-999,-999,-999
function,gaussian,3.0,3,-999,-999,0,0,99999999,1,['nx'],['nx'],['nx'],1,300,206,94,92.2405,20.1799,19.2995,91.803,30.7862,20.7307,752.77,598.78,-999,-999,-999,-999,998.76,35.99,-999,30.75,-999,-999,-999,-999,6.57,-999,-999,-999,-999,-999,-999,-999,-999,-999,-999,-999,-999,-999,-999,-999,0.1,-999,-999,-999,-999,-999,-999
function,gaussian,3.0,3,-999,-999,0,0,99999999,1,['nx'],['nx'],['nx'],1,300,190,110,765.8505,10.1451,9.5809,760.667,447.2987,14.4556,7518.18,5997.83,-999,-999,-999,-999,999.73,108.24,-999,97.07,-999,-999,-999,-999,7.25,-999,-999,-999,-999,-999,-999,-999,-999,-999,-999,-999,-999,-999,-999,-999,1.0,-999,-999,-999,-999,-999,-999
function,gaussian,3.0,1,-999,-999,0,0,99999999,1,['nx'],['nx'],['nx'],1,300,221,79,134.269,41.3316,42.1224,142.393,47.4655,47.0095,251.08,599.21,-999,-999,-999,-999,999.57,22.23,-999,10.25,-999,-999,-999,-999,3.69,-999,-999,-999,-999,-999,-999,-999,-999,-999,-999,-999,-999,-999,-999,-999,0.1,-999,-999,-999,-999,-999,-999
function,gaussian,1.0,1,-999,-999,0,0,99999999,1,['nx'],['nx'],['nx'],1,300,217,83,134.487,40.9801,41.6496,148.5005,48.4911,44.2892,251.44,598.98,-999,-999,-999,-999,999.2,22.29,-999,10.27,-999,-999,-999,-999,3.69,-999,-999,-999,-999,-999,-999,-999,-999,-999,-999,-999,-999,-999,-999,-999,0.1,-999,-999,-999,-999,-999,-999
function,gaussian,10.0,1,-999,-999,0,0,99999999,1,['nx'],['nx'],['nx'],1,300,187,113,882.563,336.7116,39.0057,873.4665,400.9742,201.0351,2509.72,5996.27,-999,-999,-999,-999,999.46,58.21,-999,32.41,-999,-999,-999,-999,4.37,-999,-999,-999,-999,-999,-999,-999,-999,-999,-999,-999,-999,-999,-999,-999,1.0,-999,-999,-999,-999,-999,-999
function,gaussian,10.0,3,-999,-999,0,0,99999999,1,['nx'],['nx'],['nx'],1,300,184,116,86.472,7.1624,18.7028,85.989,32.6,29.4156,752.89,598.26,-999,-999,-999,-999,997.89,35.18,-999,30.77,-999,-999,-999,-999,6.57,-999,-999,-999,-999,-999,-999,-999,-999,-999,-999,-999,-999,-999,-999,-999,0.1,-999,-999,-999,-999,-999,-999
function,gaussian,1.0,1,-999,-999,0,0,99999999,1,['nx'],['nx'],['nx'],1,300,194,106,305.0575,88.7737,69.1363,307.856,91.782,110.5558,752.45,1798.69,-999,-999,-999,-999,999.57,34.15,-999,17.74,-999,-999,-999,-999,4.07,-999,-999,-999,-999,-999,-999,-999,-999,-999,-999,-999,-999,-999,-999,-999,0.3,-999,-999,-999,-999,-999,-999
function,gaussian,1.0,3,-999,-999,0,0,99999999,1,['nx'],['nx'],['nx'],1,300,169,131,254.32,43.88,5.2366,251.7585,110.3518,28.6011,2260.13,1797.73,-999,-999,-999,-999,999.03,62.43,-999,53.3,-999,-999,-999,-999,6.91,-999,-999,-999,-999,-999,-999,-999,-999,-999,-999,-999,-999,-999,-999,-999,0.3,-999,-999,-999,-999,-999,-999
function,gaussian,10.0,3,-999,-999,0,0,99999999,1,['nx'],['nx'],['nx'],1,300,168,132,254.183,46.6056,31.981,252.284,169.5963,50.6668,2258.24,1797.72,-999,-999,-999,-999,999.02,62.41,-999,53.25,-999,-999,-999,-999,6.9,-999,-999,-999,-999,-999,-999,-999,-999,-999,-999,-999,-999,-999,-999,-999,0.3,-999,-999,-999,-999,-999,-999
function,gaussian,3.0,1,-999,-999,0,0,99999999,1,['nx'],['nx'],['nx'],1,300,196,104,318.663,120.5002,74.0824,319.245,121.6474,112.8549,753.04,1798.58,-999,-999,-999,-999,999.51,34.85,-999,17.75,-999,-999,-999,-999,4.07,-999,-999,-999,-999,-999,-999,-999,-999,-999,-999,-999,-999,-999,-999,-999,0.3,-999,-999,-999,-999,-999,-999
function,gaussian,3.0,1,-999,-999,0,0,99999999,1,['nx'],['nx'],['nx'],1,300,191,109,901.467,347.7304,174.3992,891.088,403.1892,188.1543,2510.14,5998.1,-999,-999,-999,-999,999.77,58.45,-999,32.41,-999,-999,-999,-999,4.37,-999,-999,-999,-999,-999,-999,-999,-999,-999,-999,-999,-999,-999,-999,-999,1.0,-999,-999,-999,-999,-999,-999
function,gaussian,0.3,3,-999,-999,0,0,99999999,1,['nx'],['nx'],['nx'],1,300,172,128,256.4635,46.0838,5.1418,253.9135,118.8152,34.4453,2260.88,1798.11,-999,-999,-999,-999,999.24,61.69,-999,53.31,-999,-999,-999,-999,6.91,-999,-999,-999,-999,-999,-999,-999,-999,-999,-999,-999,-999,-999,-999,-999,0.3,-999,-999,-999,-999,-999,-999
function,gaussian,0.1,1,-999,-999,0,0,99999999,1,['nx'],['nx'],['nx'],1,300,219,81,140.523,40.2214,28.7395,143.0155,41.8871,56.525,250.94,598.79,-999,-999,-999,-999,998.86,22.04,-999,10.25,-999,-999,-999,-999,3.68,-999,-999,-999,-999,-999,-999,-999,-999,-999,-999,-999,-999,-999,-999,-999,0.1,-999,-999,-999,-999,-999,-999
function,gaussian,1.0,3,-999,-999,0,0,99999999,1,['nx'],['nx'],['nx'],1,300,199,101,851.407,138.5403,7.5221,721.0905,428.2019,137.3293,7519.3,5996.98,-999,-999,-999,-999,999.58,113.61,-999,97.09,-999,-999,-999,-999,7.25,-999,-999,-999,-999,-999,-999,-999,-999,-999,-999,-999,-999,-999,-999,-999,1.0,-999,-999,-999,-999,-999,-999
function,gaussian,0.1,3,-999,-999,0,0,99999999,1,['nx'],['nx'],['nx'],1,300,205,95,87.012,17.6966,17.0181,87.265,26.7054,28.0932,753.6,598.58,-999,-999,-999,-999,998.43,35.93,-999,30.79,-999,-999,-999,-999,6.58,-999,-999,-999,-999,-999,-999,-999,-999,-999,-999,-999,-999,-999,-999,-999,0.1,-999,-999,-999,-999,-999,-999
function,gaussian,0.3,1,-999,-999,0,0,99999999,1,['nx'],['nx'],['nx'],1,300,194,106,308.035,92.8014,69.9482,312.903,97.8655,101.3247,752.64,1798.85,-999,-999,-999,-999,999.67,34.18,-999,17.74,-999,-999,-999,-999,4.06,-999,-999,-999,-999,-999,-999,-999,-999,-999,-999,-999,-999,-999,-999,-999,0.3,-999,-999,-999,-999,-999,-999
function,gaussian,1.0,1,-999,-999,0,0,99999999,1,['nx'],['nx'],['nx'],1,300,184,116,863.5385,319.9784,168.8963,854.4845,364.3062,185.8011,2510.54,5997.43,-999,-999,-999,-999,999.65,56.34,-999,32.42,-999,-999,-999,-999,4.37,-999,-999,-999,-999,-999,-999,-999,-999,-999,-999,-999,-999,-999,-999,-999,1.0,-999,-999,-999,-999,-999,-999
function,gaussian,10.0,10,-999,-999,0,0,99999999,1,['nx'],['nx'],['nx'],1,300,241,59,77.023,19.2954,1.0074,76.961,21.0108,1.5553,2506.34,599.15,-999,-999,-999,-999,999.39,94.19,-999,102.36,-999,-999,-999,-999,12.5,-999,-999,-999,-999,-999,-999,-999,-999,-999,-999,-999,-999,-999,-999,-999,0.1,-999,-999,-999,-999,-999,-999
function,gaussian,0.3,10,-999,-999,0,0,99999999,1,['nx'],['nx'],['nx'],1,300,213,87,76.692,13.0568,1.6148,76.51,30.765,11.9852,2506.44,598.93,-999,-999,-999,-999,999.0,93.9,-999,102.39,-999,-999,-999,-999,12.51,-999,-999,-999,-999,-999,-999,-999,-999,-999,-999,-999,-999,-999,-999,-999,0.1,-999,-999,-999,-999,-999,-999
function,gaussian,1.0,10,-999,-999,0,0,99999999,1,['nx'],['nx'],['nx'],1,300,218,82,74.95,12.2641,14.1447,74.775,24.5772,14.5908,2507.81,599.02,-999,-999,-999,-999,999.18,92.57,-999,102.43,-999,-999,-999,-999,12.49,-999,-999,-999,-999,-999,-999,-999,-999,-999,-999,-999,-999,-999,-999,-999,0.1,-999,-999,-999,-999,-999,-999
function,gaussian,3.0,10,-999,-999,0,0,99999999,1,['nx'],['nx'],['nx'],1,300,211,89,85.474,11.042,1.0862,85.3575,26.3312,7.2329,2507.09,599.16,-999,-999,-999,-999,999.4,96.96,-999,102.39,-999,-999,-999,-999,12.49,-999,-999,-999,-999,-999,-999,-999,-999,-999,-999,-999,-999,-999,-999,-999,0.1,-999,-999,-999,-999,-999,-999
function,gaussian,3.0,10,-999,-999,0,0,99999999,1,['nx'],['nx'],['nx'],1,300,187,113,224.041,3.392,1.3692,222.2355,143.9144,2.8545,7514.94,1797.39,-999,-999,-999,-999,998.82,161.18,-999,177.24,-999,-999,-999,-999,12.8,-999,-999,-999,-999,-999,-999,-999,-999,-999,-999,-999,-999,-999,-999,-999,0.3,-999,-999,-999,-999,-999,-999
function,gaussian,10.0,30,-999,-999,0,0,99999999,1,['nx'],['nx'],['nx'],1,300,232,68,59.4355,0.9476,0.6306,59.377,2.5992,0.99,7517.92,598.85,-999,-999,-999,-999,998.86,229.78,-999,307.11,-999,-999,-999,-999,21.92,-999,-999,-999,-999,-999,-999,-999,-999,-999,-999,-999,-999,-999,-999,-999,0.1,-999,-999,-999,-999,-999,-999
function,gaussian,10.0,10,-999,-999,0,0,99999999,1,['nx'],['nx'],['nx'],1,300,195,105,252.947,18.3946,2.7799,252.313,123.6552,30.104,7520.34,1798.61,-999,-999,-999,-999,999.51,169.24,-999,177.3,-999,-999,-999,-999,12.82,-999,-999,-999,-999,-999,-999,-999,-999,-999,-999,-999,-999,-999,-999,-999,0.3,-999,-999,-999,-999,-999,-999
function,gaussian,3.0,10,-999,-999,0,0,99999999,1,['nx'],['nx'],['nx'],1,300,200,100,766.652,3.2658,2.0925,764.505,600.31,3.6073,25062.59,5998.62,-999,-999,-999,-999,999.85,297.02,-999,323.58,-999,-999,-999,-999,13.11,-999,-999,-999,-999,-999,-999,-999,-999,-999,-999,-999,-999,-999,-999,-999,1.0,-999,-999,-999,-999,-999,-999
function,gaussian,3.0,30,-999,-999,0,0,99999999,1,['nx'],['nx'],['nx'],1,300,248,52,76.9065,1.1372,9.0108,76.8235,1.3609,9.1445,7518.67,598.83,-999,-999,-999,-999,998.82,265.81,-999,307.15,-999,-999,-999,-999,21.91,-999,-999,-999,-999,-999,-999,-999,-999,-999,-999,-999,-999,-999,-999,-999,0.1,-999,-999,-999,-999,-999,-999
function,gaussian,1.0,30,-999,-999,0,0,99999999,1,['nx'],['nx'],['nx'],1,300,246,54,74.686,10.725,0.5106,74.617,11.8853,0.5843,7520.68,598.89,-999,-999,-999,-999,998.92,262.15,-999,307.22,-999,-999,-999,-999,21.93,-999,-999,-999,-999,-999,-999,-999,-999,-999,-999,-999,-999,-999,-999,-999,0.1,-999,-999,-999,-999,-999,-999
function,gaussian,10.0,10,-999,-999,0,0,99999999,1,['nx'],['nx'],['nx'],1,300,191,109,746.624,3.0322,1.9138,744.562,569.9381,3.6001,25059.14,5998.06,-999,-999,-999,-999,999.75,294.36,-999,323.55,-999,-999,-999,-999,13.09,-999,-999,-999,-999,-999,-999,-999,-999,-999,-999,-999,-999,-999,-999,-999,1.0,-999,-999,-999,-999,-999,-999
function,gaussian,1.0,10,-999,-999,0,0,99999999,1,['nx'],['nx'],['nx'],1,300,195,105,217.932,3.9008,37.5054,215.781,130.002,39.5222,7515.41,1797.39,-999,-999,-999,-999,998.83,158.87,-999,177.25,-999,-999,-999,-999,12.81,-999,-999,-999,-999,-999,-999,-999,-999,-999,-999,-999,-999,-999,-999,-999,0.3,-999,-999,-999,-999,-999,-999
function,gaussian,10.0,30,-999,-999,0,0,99999999,1,['nx'],['nx'],['nx'],1,300,192,108,253.511,0.9546,0.9934,253.18,80.0074,1.3924,22562.26,1799.09,-999,-999,-999,-999,999.77,479.24,-999,531.87,-999,-999,-999,-999,22.19,-999,-999,-999,-999,-999,-999,-999,-999,-999,-999,-999,-999,-999,-999,-999,0.3,-999,-999,-999,-999,-999,-999
function,gaussian,3.0,30,-999,-999,0,0,99999999,1,['nx'],['nx'],['nx'],1,300,210,90,224.0405,0.7857,0.7872,223.6715,161.2541,0.9709,22555.24,1798.51,-999,-999,-999,-999,999.46,453.98,-999,531.79,-999,-999,-999,-999,22.19,-999,-999,-999,-999,-999,-999,-999,-999,-999,-999,-999,-999,-999,-999,-999,0.3,-999,-999,-999,-999,-999,-999
function,gaussian,0.3,10,-999,-999,0,0,99999999,1,['nx'],['nx'],['nx'],1,300,208,92,218.0265,3.4381,38.9235,216.646,125.8146,12.653,7516.62,1797.83,-999,-999,-999,-999,999.08,158.81,-999,177.25,-999,-999,-999,-999,12.83,-999,-999,-999,-999,-999,-999,-999,-999,-999,-999,-999,-999,-999,-999,-999,0.3,-999,-999,-999,-999,-999,-999
function,gaussian,0.1,10,-999,-999,0,0,99999999,1,['nx'],['nx'],['nx'],1,300,211,89,73.216,13.0506,13.2584,72.799,30.097,13.8676,2506.62,599.06,-999,-999,-999,-999,999.23,89.77,-999,102.38,-999,-999,-999,-999,12.49,-999,-999,-999,-999,-999,-999,-999,-999,-999,-999,-999,-999,-999,-999,-999,0.1,-999,-999,-999,-999,-999,-999
function,gaussian,0.3,30,-999,-999,0,0,99999999,1,['nx'],['nx'],['nx'],1,300,236,64,76.6715,0.9631,0.5005,76.541,25.6877,0.664,7519.34,598.79,-999,-999,-999,-999,998.74,264.86,-999,307.19,-999,-999,-999,-999,21.93,-999,-999,-999,-999,-999,-999,-999,-999,-999,-999,-999,-999,-999,-999,-999,0.1,-999,-999,-999,-999,-999,-999
function,gaussian,1.0,30,-999,-999,0,0,99999999,1,['nx'],['nx'],['nx'],1,300,217,83,216.994,0.9511,0.9963,216.6955,138.6,1.2419,22558.2,1799.65,-999,-999,-999,-999,1000.08,447.29,-999,531.69,-999,-999,-999,-999,22.2,-999,-999,-999,-999,-999,-999,-999,-999,-999,-999,-999,-999,-999,-999,-999,0.3,-999,-999,-999,-999,-999,-999
function,gaussian,1.0,10,-999,-999,0,0,99999999,1,['nx'],['nx'],['nx'],1,300,204,96,727.26,3.31,2.3826,725.224,544.7876,3.9315,25058.23,5998.73,-999,-999,-999,-999,999.87,289.89,-999,323.52,-999,-999,-999,-999,13.11,-999,-999,-999,-999,-999,-999,-999,-999,-999,-999,-999,-999,-999,-999,-999,1.0,-999,-999,-999,-999,-999,-999
function,gaussian,0.1,30,-999,-999,0,0,99999999,1,['nx'],['nx'],['nx'],1,300,225,75,72.604,0.9183,0.5482,72.385,31.4753,0.7536,7519.94,598.61,-999,-999,-999,-999,998.45,258.48,-999,307.26,-999,-999,-999,-999,21.93,-999,-999,-999,-999,-999,-999,-999,-999,-999,-999,-999,-999,-999,-999,-999,0.1,-999,-999,-999,-999,-999,-999
function,gaussian,0.3,30,-999,-999,0,0,99999999,1,['nx'],['nx'],['nx'],1,300,216,84,218.0545,0.9621,0.9763,217.685,143.632,1.2569,22561.38,1799.38,-999,-999,-999,-999,999.93,447.26,-999,531.81,-999,-999,-999,-999,22.19,-999,-999,-999,-999,-999,-999,-999,-999,-999,-999,-999,-999,-999,-999,-999,0.3,-999,-999,-999,-999,-999,-999
function,gaussian,0.1,3,-999,-999,0,0,99999999,1,['nx'],['nx'],['nx'],1,300,175,125,243.624,47.1545,44.9044,241.9435,103.6671,47.483,2258.57,1798.53,-999,-999,-999,-999,999.48,59.96,-999,53.25,-999,-999,-999,-999,6.91,-999,-999,-999,-999,-999,-999,-999,-999,-999,-999,-999,-999,-999,-999,-999,0.3,-999,-999,-999,-999,-999,-999
function,gaussian,0.1,1,-999,-999,0,0,99999999,1,['nx'],['nx'],['nx'],1,300,199,101,327.279,125.9192,77.3294,313.431,111.9061,98.9332,752.69,1798.98,-999,-999,-999,-999,999.74,34.05,-999,17.74,-999,-999,-999,-999,4.06,-999,-999,-999,-999,-999,-999,-999,-999,-999,-999,-999,-999,-999,-999,-999,0.3,-999,-999,-999,-999,-999,-999
function,gaussian,10.0,30,-999,-999,0,0,99999999,1,['nx'],['nx'],['nx'],1,300,198,102,747.46,1.2304,1.1492,746.647,647.5604,1.7417,75173.59,5997.82,-999,-999,-999,-999,999.71,828.27,-999,970.63,-999,-999,-999,-999,22.46,-999,-999,-999,-999,-999,-999,-999,-999,-999,-999,-999,-999,-999,-999,-999,1.0,-999,-999,-999,-999,-999,-999
function,gaussian,3.0,30,-999,-999,0,0,99999999,1,['nx'],['nx'],['nx'],1,300,192,108,767.384,1.4521,1.3406,766.256,651.4924,2.1375,75176.1,5999.01,-999,-999,-999,-999,999.91,837.27,-999,970.57,-999,-999,-999,-999,22.47,-999,-999,-999,-999,-999,-999,-999,-999,-999,-999,-999,-999,-999,-999,-999,1.0,-999,-999,-999,-999,-999,-999
function,gaussian,3.0,100,-999,-999,0,0,99999999,1,['nx'],['nx'],['nx'],1,300,276,24,76.607,0.281,0.243,76.5905,0.332,0.2609,25060.52,599.72,-999,-999,-999,-999,1000.36,859.86,-999,1022.98,-999,-999,-999,-999,40.06,-999,-999,-999,-999,-999,-999,-999,-999,-999,-999,-999,-999,-999,-999,-999,0.1,-999,-999,-999,-999,-999,-999
function,gaussian,0.3,3,-999,-999,0,0,99999999,1,['nx'],['nx'],['nx'],1,300,195,105,732.265,13.7741,133.3152,724.946,416.8469,139.7318,7519.71,5997.06,-999,-999,-999,-999,999.6,103.99,-999,97.1,-999,-999,-999,-999,7.25,-999,-999,-999,-999,-999,-999,-999,-999,-999,-999,-999,-999,-999,-999,-999,1.0,-999,-999,-999,-999,-999,-999
function,gaussian,0.3,1,-999,-999,0,0,99999999,1,['nx'],['nx'],['nx'],1,300,187,113,868.954,341.4649,170.4105,859.644,392.9148,185.6875,2510.04,5997.17,-999,-999,-999,-999,999.61,57.31,-999,32.41,-999,-999,-999,-999,4.38,-999,-999,-999,-999,-999,-999,-999,-999,-999,-999,-999,-999,-999,-999,-999,1.0,-999,-999,-999,-999,-999,-999
function,gaussian,10.0,100,-999,-999,0,0,99999999,1,['nx'],['nx'],['nx'],1,300,293,7,59.254,21.5669,0.2758,59.237,21.9477,0.2895,25056.93,599.51,-999,-999,-999,-999,1000.02,753.23,-999,1023.01,-999,-999,-999,-999,40.05,-999,-999,-999,-999,-999,-999,-999,-999,-999,-999,-999,-999,-999,-999,-999,0.1,-999,-999,-999,-999,-999,-999
function,gaussian,1.0,100,-999,-999,0,0,99999999,1,['nx'],['nx'],['nx'],1,300,284,16,74.7255,0.2405,0.2032,74.718,0.2713,0.21,25062.0,599.75,-999,-999,-999,-999,1000.43,853.51,-999,1023.01,-999,-999,-999,-999,40.07,-999,-999,-999,-999,-999,-999,-999,-999,-999,-999,-999,-999,-999,-999,-999,0.1,-999,-999,-999,-999,-999,-999
function,gaussian,0.3,100,-999,-999,0,0,99999999,1,['nx'],['nx'],['nx'],1,300,262,38,76.6475,0.2405,0.2182,76.603,0.3561,0.258,25058.89,599.46,-999,-999,-999,-999,999.93,860.99,-999,1023.14,-999,-999,-999,-999,40.06,-999,-999,-999,-999,-999,-999,-999,-999,-999,-999,-999,-999,-999,-999,-999,0.1,-999,-999,-999,-999,-999,-999
function,gaussian,10.0,100,-999,-999,0,0,99999999,1,['nx'],['nx'],['nx'],1,300,142,158,253.632,0.3756,30.7364,196.318,92.3489,87.903,75192.3,1798.4,-999,-999,-999,-999,999.39,1559.9,-999,1772.88,-999,-999,-999,-999,40.38,-999,-999,-999,-999,-999,-999,-999,-999,-999,-999,-999,-999,-999,-999,-999,0.3,-999,-999,-999,-999,-999,-999
function,gaussian,3.0,100,-999,-999,0,0,99999999,1,['nx'],['nx'],['nx'],1,300,236,64,224.256,0.3098,0.2832,224.166,122.5758,0.3444,75186.2,1798.68,-999,-999,-999,-999,999.55,1477.01,-999,1772.6,-999,-999,-999,-999,40.38,-999,-999,-999,-999,-999,-999,-999,-999,-999,-999,-999,-999,-999,-999,-999,0.3,-999,-999,-999,-999,-999,-999
function,gaussian,1.0,100,-999,-999,0,0,99999999,1,['nx'],['nx'],['nx'],1,300,221,79,217.162,0.3748,0.4668,217.0205,143.2791,0.4455,75195.71,1799.44,-999,-999,-999,-999,999.97,1456.15,-999,1772.45,-999,-999,-999,-999,40.39,-999,-999,-999,-999,-999,-999,-999,-999,-999,-999,-999,-999,-999,-999,-999,0.3,-999,-999,-999,-999,-999,-999
function,gaussian,10.0,100,-999,-999,0,0,99999999,1,['nx'],['nx'],['nx'],1,300,184,116,747.9215,0.6415,0.4873,747.4555,634.3077,0.7945,250611.88,5997.03,-999,-999,-999,-999,999.58,2695.04,-999,3236.08,-999,-999,-999,-999,40.64,-999,-999,-999,-999,-999,-999,-999,-999,-999,-999,-999,-999,-999,-999,-999,1.0,-999,-999,-999,-999,-999,-999
function,gaussian,3.0,100,-999,-999,0,0,99999999,1,['nx'],['nx'],['nx'],1,300,194,106,767.686,0.7706,0.57,767.183,698.9288,0.9221,250641.28,6000.05,-999,-999,-999,-999,1000.09,2727.74,-999,3235.65,-999,-999,-999,-999,40.66,-999,-999,-999,-999,-999,-999,-999,-999,-999,-999,-999,-999,-999,-999,-999,1.0,-999,-999,-999,-999,-999,-999
function,gaussian,1.0,30,-999,-999,0,0,99999999,1,['nx'],['nx'],['nx'],1,300,193,107,727.305,1.645,1.234,726.0415,606.2852,2.2167,75191.34,5998.93,-999,-999,-999,-999,999.9,815.45,-999,970.77,-999,-999,-999,-999,22.48,-999,-999,-999,-999,-999,-999,-999,-999,-999,-999,-999,-999,-999,-999,-999,1.0,-999,-999,-999,-999,-999,-999
function,gaussian,0.1,100,-999,-999,0,0,99999999,1,['nx'],['nx'],['nx'],1,300,229,71,72.692,0.2901,0.237,72.5765,35.4113,0.3063,25061.01,599.4,-999,-999,-999,-999,999.83,840.1,-999,1023.28,-999,-999,-999,-999,40.07,-999,-999,-999,-999,-999,-999,-999,-999,-999,-999,-999,-999,-999,-999,-999,0.1,-999,-999,-999,-999,-999,-999
function,gaussian,0.3,100,-999,-999,0,0,99999999,1,['nx'],['nx'],['nx'],1,300,214,86,218.088,0.3705,0.3635,217.918,168.3659,0.4436,75188.14,1799.86,-999,-999,-999,-999,1000.2,1454.89,-999,1772.07,-999,-999,-999,-999,40.38,-999,-999,-999,-999,-999,-999,-999,-999,-999,-999,-999,-999,-999,-999,-999,0.3,-999,-999,-999,-999,-999,-999
function,gaussian,1.0,100,-999,-999,0,0,99999999,1,['nx'],['nx'],['nx'],1,300,206,94,727.623,0.7054,0.5808,727.227,653.6459,0.8202,250646.95,5999.85,-999,-999,-999,-999,1000.06,2651.89,-999,3235.77,-999,-999,-999,-999,40.66,-999,-999,-999,-999,-999,-999,-999,-999,-999,-999,-999,-999,-999,-999,-999,1.0,-999,-999,-999,-999,-999,-999
function,gaussian,10.0,300,-999,-999,0,0,99999999,1,['nx'],['nx'],['nx'],1,300,300,0,59.329,0.138,0.08,59.329,0.138,0.08,75189.46,599.1,-999,-999,-999,-999,999.3,2232.98,-999,3070.84,-999,-999,-999,-999,69.31,-999,-999,-999,-999,-999,-999,-999,-999,-999,-999,-999,-999,-999,-999,-999,0.1,-999,-999,-999,-999,-999,-999
function,gaussian,3.0,300,-999,-999,0,0,99999999,1,['nx'],['nx'],['nx'],1,300,300,0,76.6525,0.1357,0.1141,76.6525,0.1357,0.1141,75189.46,599.1,-999,-999,-999,-999,999.3,2565.16,-999,3070.84,-999,-999,-999,-999,69.31,-999,-999,-999,-999,-999,-999,-999,-999,-999,-999,-999,-999,-999,-999,-999,0.1,-999,-999,-999,-999,-999,-999
function,gaussian,0.1,10,-999,-999,0,0,99999999,1,['nx'],['nx'],['nx'],1,300,202,98,242.4305,39.9371,1.3637,204.617,108.1979,39.055,7517.74,1797.4,-999,-999,-999,-999,998.84,158.8,-999,177.3,-999,-999,-999,-999,12.81,-999,-999,-999,-999,-999,-999,-999,-999,-999,-999,-999,-999,-999,-999,-999,0.3,-999,-999,-999,-999,-999,-999
function,gaussian,1.0,300,-999,-999,0,0,99999999,1,['nx'],['nx'],['nx'],1,300,300,0,74.7975,0.1091,0.0868,74.7975,0.1091,0.0868,75189.46,599.1,-999,-999,-999,-999,999.3,2539.45,-999,3070.84,-999,-999,-999,-999,69.31,-999,-999,-999,-999,-999,-999,-999,-999,-999,-999,-999,-999,-999,-999,-999,0.1,-999,-999,-999,-999,-999,-999
function,gaussian,3.0,300,-999,-999,0,0,99999999,1,['nx'],['nx'],['nx'],1,300,265,35,224.364,0.162,0.1255,224.334,0.2754,0.1424,225590.53,1798.89,-999,-999,-999,-999,999.68,4398.5,-999,5318.2,-999,-999,-999,-999,69.68,-999,-999,-999,-999,-999,-999,-999,-999,-999,-999,-999,-999,-999,-999,-999,0.3,-999,-999,-999,-999,-999,-999
function,gaussian,0.3,300,-999,-999,0,0,99999999,1,['nx'],['nx'],['nx'],1,300,297,3,76.739,0.1153,0.1108,76.7385,0.1215,0.1137,75191.33,599.04,-999,-999,-999,-999,999.21,2571.16,-999,3071.07,-999,-999,-999,-999,69.31,-999,-999,-999,-999,-999,-999,-999,-999,-999,-999,-999,-999,-999,-999,-999,0.1,-999,-999,-999,-999,-999,-999
function,gaussian,10.0,300,-999,-999,0,0,99999999,1,['nx'],['nx'],['nx'],1,300,133,167,254.095,0.5083,30.2612,109.818,54.0237,174.383,225583.63,1800.17,-999,-999,-999,-999,1000.4,4657.33,-999,5316.14,-999,-999,-999,-999,69.63,-999,-999,-999,-999,-999,-999,-999,-999,-999,-999,-999,-999,-999,-999,-999,0.3,-999,-999,-999,-999,-999,-999
function,gaussian,1.0,300,-999,-999,0,0,99999999,1,['nx'],['nx'],['nx'],1,300,263,37,217.23,0.181,0.1532,217.204,0.3194,0.1646,225585.25,1799.19,-999,-999,-999,-999,999.84,4340.51,-999,5317.65,-999,-999,-999,-999,69.67,-999,-999,-999,-999,-999,-999,-999,-999,-999,-999,-999,-999,-999,-999,-999,0.3,-999,-999,-999,-999,-999,-999
function,gaussian,10.0,300,-999,-999,0,0,99999999,1,['nx'],['nx'],['nx'],1,300,187,113,748.064,0.3165,0.2542,747.8605,565.8142,0.4075,751903.95,5997.29,-999,-999,-999,-999,999.63,8030.0,-999,9708.9,-999,-999,-999,-999,69.94,-999,-999,-999,-999,-999,-999,-999,-999,-999,-999,-999,-999,-999,-999,-999,1.0,-999,-999,-999,-999,-999,-999
function,gaussian,0.3,10,-999,-999,0,0,99999999,1,['nx'],['nx'],['nx'],1,300,201,99,732.184,3.454,2.277,729.9595,534.3667,3.9707,25059.26,5998.24,-999,-999,-999,-999,999.78,283.47,-999,323.55,-999,-999,-999,-999,13.11,-999,-999,-999,-999,-999,-999,-999,-999,-999,-999,-999,-999,-999,-999,-999,1.0,-999,-999,-999,-999,-999,-999
function,gaussian,3.0,300,-999,-999,0,0,99999999,1,['nx'],['nx'],['nx'],1,300,214,86,767.7115,0.3475,0.3458,767.523,694.4551,0.4329,751926.44,5997.49,-999,-999,-999,-999,999.66,8130.54,-999,9709.03,-999,-999,-999,-999,69.94,-999,-999,-999,-999,-999,-999,-999,-999,-999,-999,-999,-999,-999,-999,-999,1.0,-999,-999,-999,-999,-999,-999
function,gaussian,10.0,1000,-999,-999,0,0,99999999,1,['nx'],['nx'],['nx'],1,300,300,0,59.346,0.043,0.031,59.346,0.043,0.031,250649.95,598.3,-999,-999,-999,-999,997.99,7419.52,-999,10243.76,-999,-999,-999,-999,126.37,-999,-999,-999,-999,-999,-999,-999,-999,-999,-999,-999,-999,-999,-999,-999,0.1,-999,-999,-999,-999,-999,-999
function,gaussian,0.3,300,-999,-999,0,0,99999999,1,['nx'],['nx'],['nx'],1,300,247,53,218.25,0.175,0.1376,218.207,139.5159,0.1712,225585.18,1799.09,-999,-999,-999,-999,999.79,4329.04,-999,5317.78,-999,-999,-999,-999,69.67,-999,-999,-999,-999,-999,-999,-999,-999,-999,-999,-999,-999,-999,-999,-999,0.3,-999,-999,-999,-999,-999,-999
function,gaussian,0.1,300,-999,-999,0,0,99999999,1,['nx'],['nx'],['nx'],1,300,243,57,72.696,0.1158,0.1093,72.6665,38.179,0.124,75207.74,598.99,-999,-999,-999,-999,999.12,2502.8,-999,3071.87,-999,-999,-999,-999,69.3,-999,-999,-999,-999,-999,-999,-999,-999,-999,-999,-999,-999,-999,-999,-999,0.1,-999,-999,-999,-999,-999,-999
function,gaussian,3.0,1000,-999,-999,0,0,99999999,1,['nx'],['nx'],['nx'],1,300,300,0,76.6985,0.0747,0.0715,76.6985,0.0747,0.0715,250649.95,598.3,-999,-999,-999,-999,997.99,8544.52,-999,10243.76,-999,-999,-999,-999,126.37,-999,-999,-999,-999,-999,-999,-999,-999,-999,-999,-999,-999,-999,-999,-999,0.1,-999,-999,-999,-999,-999,-999
function,gaussian,1.0,1000,-999,-999,0,0,99999999,1,['nx'],['nx'],['nx'],1,300,300,0,74.82,0.053,0.05,74.82,0.053,0.05,250649.95,598.3,-999,-999,-999,-999,997.99,8447.31,-999,10243.76,-999,-999,-999,-999,126.37,-999,-999,-999,-999,-999,-999,-999,-999,-999,-999,-999,-999,-999,-999,-999,0.1,-999,-999,-999,-999,-999,-999
function,gaussian,1.0,300,-999,-999,0,0,99999999,1,['nx'],['nx'],['nx'],1,300,194,106,727.591,0.3401,0.2787,727.35,663.002,0.4455,751901.03,5997.79,-999,-999,-999,-999,999.71,7903.82,-999,9708.47,-999,-999,-999,-999,69.93,-999,-999,-999,-999,-999,-999,-999,-999,-999,-999,-999,-999,-999,-999,-999,1.0,-999,-999,-999,-999,-999,-999
function,gaussian,0.3,1000,-999,-999,0,0,99999999,1,['nx'],['nx'],['nx'],1,300,300,0,76.7555,0.0605,0.0585,76.7555,0.0605,0.0585,250649.95,598.3,-999,-999,-999,-999,997.99,8556.25,-999,10243.76,-999,-999,-999,-999,126.37,-999,-999,-999,-999,-999,-999,-999,-999,-999,-999,-999,-999,-999,-999,-999,0.1,-999,-999,-999,-999,-999,-999
function,gaussian,10.0,1000,-999,-999,0,0,99999999,1,['nx'],['nx'],['nx'],1,300,265,35,30.0,9.6249,223.8866,30.0,9.2671,223.8675,751956.86,1799.41,-999,-999,-999,-999,999.94,5491.6,-999,17724.83,-999,-999,-999,-999,126.8,-999,-999,-999,-999,-999,-999,-999,-999,-999,-999,-999,-999,-999,-999,-999,0.3,-999,-999,-999,-999,-999,-999
function,gaussian,0.1,1000,-999,-999,0,0,99999999,1,['nx'],['nx'],['nx'],1,300,288,12,72.745,0.0581,0.0571,72.742,0.0693,0.059,250653.74,598.11,-999,-999,-999,-999,997.68,8318.81,-999,10245.48,-999,-999,-999,-999,126.37,-999,-999,-999,-999,-999,-999,-999,-999,-999,-999,-999,-999,-999,-999,-999,0.1,-999,-999,-999,-999,-999,-999
function,gaussian,0.1,30,-999,-999,0,0,99999999,1,['nx'],['nx'],['nx'],1,300,211,89,205.709,0.8954,37.6386,205.2615,139.8732,37.9929,22559.45,1799.26,-999,-999,-999,-999,999.87,436.53,-999,531.78,-999,-999,-999,-999,22.19,-999,-999,-999,-999,-999,-999,-999,-999,-999,-999,-999,-999,-999,-999,-999,0.3,-999,-999,-999,-999,-999,-999
function,gaussian,3.0,1000,-999,-999,0,0,99999999,1,['nx'],['nx'],['nx'],1,300,297,3,224.419,0.1066,0.0853,224.419,0.1108,0.0843,751953.8,1799.04,-999,-999,-999,-999,999.73,14626.05,-999,17726.59,-999,-999,-999,-999,126.81,-999,-999,-999,-999,-999,-999,-999,-999,-999,-999,-999,-999,-999,-999,-999,0.3,-999,-999,-999,-999,-999,-999
function,gaussian,1.0,1000,-999,-999,0,0,99999999,1,['nx'],['nx'],['nx'],1,300,297,3,217.261,0.1156,0.0926,217.259,0.121,0.0942,751950.09,1798.87,-999,-999,-999,-999,999.63,14437.24,-999,17727.38,-999,-999,-999,-999,126.81,-999,-999,-999,-999,-999,-999,-999,-999,-999,-999,-999,-999,-999,-999,-999,0.3,-999,-999,-999,-999,-999,-999
function,gaussian,0.1,100,-999,-999,0,0,99999999,1,['nx'],['nx'],['nx'],1,300,209,91,205.797,0.3493,0.3577,205.6305,158.2838,0.4515,75188.25,1799.91,-999,-999,-999,-999,1000.23,1420.08,-999,1772.04,-999,-999,-999,-999,40.38,-999,-999,-999,-999,-999,-999,-999,-999,-999,-999,-999,-999,-999,-999,-999,0.3,-999,-999,-999,-999,-999,-999
function,gaussian,0.3,30,-999,-999,0,0,99999999,1,['nx'],['nx'],['nx'],1,300,201,99,732.269,1.555,1.403,731.274,601.1962,2.162,75190.21,5998.92,-999,-999,-999,-999,999.9,795.29,-999,970.76,-999,-999,-999,-999,22.48,-999,-999,-999,-999,-999,-999,-999,-999,-999,-999,-999,-999,-999,-999,-999,1.0,-999,-999,-999,-999,-999,-999
function,gaussian,0.3,1000,-999,-999,0,0,99999999,1,['nx'],['nx'],['nx'],1,300,283,17,218.255,0.1179,0.0929,218.2445,0.1367,0.1,751930.38,1799.03,-999,-999,-999,-999,999.72,14398.9,-999,17726.12,-999,-999,-999,-999,126.81,-999,-999,-999,-999,-999,-999,-999,-999,-999,-999,-999,-999,-999,-999,-999,0.3,-999,-999,-999,-999,-999,-999
function,gaussian,10.0,1000,-999,-999,0,0,99999999,1,['nx'],['nx'],['nx'],1,300,153,147,748.08,0.1889,0.1471,747.7625,657.5594,0.383,2506710.92,6000.46,-999,-999,-999,-999,1000.15,26702.7,-999,32359.27,-999,-999,-999,-999,127.14,-999,-999,-999,-999,-999,-999,-999,-999,-999,-999,-999,-999,-999,-999,-999,1.0,-999,-999,-999,-999,-999,-999
function,gaussian,3.0,1000,-999,-999,0,0,99999999,1,['nx'],['nx'],['nx'],1,300,248,52,767.6995,0.2085,0.1825,767.646,0.5084,0.2058,2506615.26,6001.83,-999,-999,-999,-999,1000.38,27035.19,-999,32354.31,-999,-999,-999,-999,127.15,-999,-999,-999,-999,-999,-999,-999,-999,-999,-999,-999,-999,-999,-999,-999,1.0,-999,-999,-999,-999,-999,-999
function,gaussian,0.3,100,-999,-999,0,0,99999999,1,['nx'],['nx'],['nx'],1,300,207,93,732.734,0.7433,0.5111,732.331,656.186,0.7612,250635.0,5999.87,-999,-999,-999,-999,1000.06,2577.19,-999,3235.61,-999,-999,-999,-999,40.67,-999,-999,-999,-999,-999,-999,-999,-999,-999,-999,-999,-999,-999,-999,-999,1.0,-999,-999,-999,-999,-999,-999
function,gaussian,1.0,1000,-999,-999,0,0,99999999,1,['nx'],['nx'],['nx'],1,300,246,54,727.599,0.1904,0.181,727.537,598.6276,0.215,2506586.42,6001.29,-999,-999,-999,-999,1000.29,26282.13,-999,32355.38,-999,-999,-999,-999,127.15,-999,-999,-999,-999,-999,-999,-999,-999,-999,-999,-999,-999,-999,-999,-999,1.0,-999,-999,-999,-999,-999,-999
function,gaussian,0.1,300,-999,-999,0,0,99999999,1,['nx'],['nx'],['nx'],1,300,229,71,205.894,0.17,0.121,205.828,157.2758,0.1726,225603.2,1799.17,-999,-999,-999,-999,999.83,4229.84,-999,5318.12,-999,-999,-999,-999,69.67,-999,-999,-999,-999,-999,-999,-999,-999,-999,-999,-999,-999,-999,-999,-999,0.3,-999,-999,-999,-999,-999,-999
function,gaussian,0.3,300,-999,-999,0,0,99999999,1,['nx'],['nx'],['nx'],1,300,198,102,732.757,0.342,0.2813,732.5225,675.9451,0.4553,751926.96,5998.55,-999,-999,-999,-999,999.84,7676.21,-999,9708.18,-999,-999,-999,-999,69.92,-999,-999,-999,-999,-999,-999,-999,-999,-999,-999,-999,-999,-999,-999,-999,1.0,-999,-999,-999,-999,-999,-999
function,gaussian,0.1,1000,-999,-999,0,0,99999999,1,['nx'],['nx'],['nx'],1,300,238,62,205.9345,0.1096,0.0876,205.8985,170.2801,0.1007,751937.32,1799.9,-999,-999,-999,-999,1000.2,14065.42,-999,17722.05,-999,-999,-999,-999,126.81,-999,-999,-999,-999,-999,-999,-999,-999,-999,-999,-999,-999,-999,-999,-999,0.3,-999,-999,-999,-999,-999,-999
function,gaussian,0.3,1000,-999,-999,0,0,99999999,1,['nx'],['nx'],['nx'],1,300,238,62,732.734,0.196,0.1851,732.662,658.9312,0.2203,2506582.66,6000.61,-999,-999,-999,-999,1000.18,25526.56,-999,32357.16,-999,-999,-999,-999,127.15,-999,-999,-999,-999,-999,-999,-999,-999,-999,-999,-999,-999,-999,-999,-999,1.0,-999,-999,-999,-999,-999,-999
function,gaussian,0.1,3,-999,-999,0,0,99999999,1,['nx'],['nx'],['nx'],1,300,190,110,813.912,135.7038,7.7629,743.1605,466.6171,77.5055,7519.82,5997.41,-999,-999,-999,-999,999.65,110.53,-999,97.1,-999,-999,-999,-999,7.24,-999,-999,-999,-999,-999,-999,-999,-999,-999,-999,-999,-999,-999,-999,-999,1.0,-999,-999,-999,-999,-999,-999
function,gaussian,0.1,1,-999,-999,0,0,99999999,1,['nx'],['nx'],['nx'],1,300,190,110,953.9635,432.124,38.9252,829.4475,348.8153,259.786,2509.18,5997.34,-999,-999,-999,-999,999.64,59.6,-999,32.4,-999,-999,-999,-999,4.37,-999,-999,-999,-999,-999,-999,-999,-999,-999,-999,-999,-999,-999,-999,-999,1.0,-999,-999,-999,-999,-999,-999
function,gaussian,0.1,10,-999,-999,0,0,99999999,1,['nx'],['nx'],['nx'],1,300,199,101,815.37,127.0347,2.3378,689.445,499.2226,127.7094,25056.04,5998.78,-999,-999,-999,-999,999.87,304.15,-999,323.49,-999,-999,-999,-999,13.1,-999,-999,-999,-999,-999,-999,-999,-999,-999,-999,-999,-999,-999,-999,-999,1.0,-999,-999,-999,-999,-999,-999
function,gaussian,0.1,30,-999,-999,0,0,99999999,1,['nx'],['nx'],['nx'],1,300,207,93,692.03,1.6265,1.3393,691.1145,562.0619,1.9659,75195.48,5998.93,-999,-999,-999,-999,999.9,775.71,-999,970.82,-999,-999,-999,-999,22.48,-999,-999,-999,-999,-999,-999,-999,-999,-999,-999,-999,-999,-999,-999,-999,1.0,-999,-999,-999,-999,-999,-999
function,gaussian,0.1,100,-999,-999,0,0,99999999,1,['nx'],['nx'],['nx'],1,300,201,99,692.239,0.703,0.416,691.77,617.7256,0.7843,250626.64,5999.31,-999,-999,-999,-999,999.97,2518.57,-999,3235.65,-999,-999,-999,-999,40.67,-999,-999,-999,-999,-999,-999,-999,-999,-999,-999,-999,-999,-999,-999,-999,1.0,-999,-999,-999,-999,-999,-999
function,gaussian,0.1,300,-999,-999,0,0,99999999,1,['nx'],['nx'],['nx'],1,300,192,108,692.213,0.3031,0.2618,691.9855,636.8161,0.4108,751957.05,5998.35,-999,-999,-999,-999,999.81,7505.44,-999,9708.73,-999,-999,-999,-999,69.92,-999,-999,-999,-999,-999,-999,-999,-999,-999,-999,-999,-999,-999,-999,-999,1.0,-999,-999,-999,-999,-999,-999
function,gaussian,0.1,1000,-999,-999,0,0,99999999,1,['nx'],['nx'],['nx'],1,300,228,72,692.2005,0.1839,0.1693,692.118,644.1392,0.2162,2506501.28,6001.46,-999,-999,-999,-999,1000.32,24956.46,-999,32353.84,-999,-999,-999,-999,127.15,-999,-999,-999,-999,-999,-999,-999,-999,-999,-999,-999,-999,-999,-999,-999,1.0,-999,-999,-999,-999,-999,-999
